-- phpMyAdmin SQL Dump
-- version 2.8.0.1
-- http://www.phpmyadmin.net
-- 
-- Host: custsqlmoo15
-- Generation Time: Sep 03, 2017 at 03:19 PM
-- Server version: 5.6.32
-- PHP Version: 4.4.9
-- 
-- Database: `fdm2016`
-- 

-- --------------------------------------------------------

-- 
-- Table structure for table `runners`
-- 

CREATE TABLE IF NOT EXISTS `runners` (
  `runner_id` int(11) NOT NULL,
  `school_id` int(11) DEFAULT NULL,
  `first_name` varchar(25) DEFAULT NULL,
  `last_name` varchar(25) DEFAULT NULL,
  `grade` tinyint(4) DEFAULT NULL,
  `sex` varchar(1) DEFAULT NULL,
  PRIMARY KEY (`runner_id`),
  UNIQUE KEY `school_id` (`school_id`,`first_name`,`last_name`)
) ENGINE=InnoDB DEFAULT CHARSET=latin1;

-- 
-- Dumping data for table `runners`
-- 

INSERT INTO `runners` VALUES (1, 7, 'ALEX', 'JEFFERY', 4, 'M');
INSERT INTO `runners` VALUES (2, 7, 'ZACH', 'MORRIS', 4, 'M');
INSERT INTO `runners` VALUES (3, 7, 'ETHAN', 'NOELLSCH', 4, 'M');
INSERT INTO `runners` VALUES (4, 7, 'CONNOR', 'SENNE', 4, 'M');
INSERT INTO `runners` VALUES (5, 7, 'LUKE', 'VANTHOLEN', 4, 'M');
INSERT INTO `runners` VALUES (6, 7, 'KAYLYN', 'WELLS', 4, 'F');
INSERT INTO `runners` VALUES (7, 7, 'HARPER', 'BRYAN', 5, 'M');
INSERT INTO `runners` VALUES (8, 7, 'AVERY', 'LEGAN', 5, 'F');
INSERT INTO `runners` VALUES (9, 7, 'SAM', 'NOORDHOEK', 5, 'M');
INSERT INTO `runners` VALUES (10, 7, 'LILI', 'OLSON', 5, 'F');
INSERT INTO `runners` VALUES (11, 7, 'LUKE', 'ROMANO', 5, 'M');
INSERT INTO `runners` VALUES (12, 7, 'RYLAN', 'WALSH', 5, 'M');
INSERT INTO `runners` VALUES (13, 7, 'ABBA', 'WELLS', 5, 'F');
INSERT INTO `runners` VALUES (14, 7, 'COOPER', 'HOFFMANN', 6, 'M');
INSERT INTO `runners` VALUES (15, 7, 'KAYLA', 'KLOBUCHER', 6, 'F');
INSERT INTO `runners` VALUES (16, 7, 'MOLLY', 'MORRIS', 6, 'F');
INSERT INTO `runners` VALUES (17, 7, 'AMBER', 'SCHIELKE', 6, 'F');
INSERT INTO `runners` VALUES (19, 7, 'LAUREN', 'HUBER', 8, 'F');
INSERT INTO `runners` VALUES (20, 7, 'ALEX', 'SWIERK', 6, 'M');
INSERT INTO `runners` VALUES (21, 7, 'JACK', 'ODONNELL', 8, 'M');
INSERT INTO `runners` VALUES (22, 2, 'AVERY', 'BOECHE', 6, 'F');
INSERT INTO `runners` VALUES (23, 2, 'KHRYSTYNA', 'DUTCHAK', 7, 'F');
INSERT INTO `runners` VALUES (24, 2, 'ISABELLA', 'WOJIECHOWSKI', 6, 'F');
INSERT INTO `runners` VALUES (25, 2, 'CLAUDIA', 'WOJIECHOWSKI', 6, 'F');
INSERT INTO `runners` VALUES (26, 2, 'LOLA', 'GERAGHTY', 7, 'F');
INSERT INTO `runners` VALUES (27, 2, 'SYDNEY', 'LOGAN', 8, 'F');
INSERT INTO `runners` VALUES (28, 2, 'ANGELINA', 'SUNARDIO', 6, 'F');
INSERT INTO `runners` VALUES (29, 2, 'MELIZA', 'REYNA', 6, 'F');
INSERT INTO `runners` VALUES (30, 2, 'LEZLI', 'MENENES', 7, 'F');
INSERT INTO `runners` VALUES (31, 2, 'SAMANTHA', 'WALTON', 6, 'F');
INSERT INTO `runners` VALUES (32, 2, 'AUDREY', 'KIM', 6, 'F');
INSERT INTO `runners` VALUES (33, 2, 'ELLA', 'PALFFY', 8, 'F');
INSERT INTO `runners` VALUES (34, 2, 'SYDNEY', 'JACOBS', 7, 'F');
INSERT INTO `runners` VALUES (35, 2, 'LEAH', 'MCKENNA', 7, 'F');
INSERT INTO `runners` VALUES (36, 2, 'GABI', 'BOECHE', 7, 'F');
INSERT INTO `runners` VALUES (37, 2, 'MARITZA', 'DOMINGUEZ', 8, 'F');
INSERT INTO `runners` VALUES (38, 2, 'ABBY', 'ROBERTS', 7, 'F');
INSERT INTO `runners` VALUES (39, 2, 'JENNA', 'PULLEGA', 6, 'F');
INSERT INTO `runners` VALUES (40, 2, 'DIANA', 'MARTINEZ', 7, 'F');
INSERT INTO `runners` VALUES (41, 2, 'KALEY', 'BAHARY', 8, 'F');
INSERT INTO `runners` VALUES (42, 2, 'LISA', 'THOMAS', 8, 'F');
INSERT INTO `runners` VALUES (43, 2, 'SAMANTHA', 'MACUALEY', 8, 'F');
INSERT INTO `runners` VALUES (44, 2, 'JAMES', 'SAUER', 6, 'M');
INSERT INTO `runners` VALUES (45, 2, 'KEVIN', 'SINKIEWICZ', 7, 'M');
INSERT INTO `runners` VALUES (46, 2, 'OSCAR', 'GUERRO', 7, 'M');
INSERT INTO `runners` VALUES (47, 2, 'CHARLIE', 'KUMMEROW', 6, 'M');
INSERT INTO `runners` VALUES (48, 2, 'MASON', 'HULLIGAN', 6, 'M');
INSERT INTO `runners` VALUES (49, 2, 'JOHNNY', 'VALENTIN', 6, 'M');
INSERT INTO `runners` VALUES (50, 2, 'REILLY', 'ALLEN', 7, 'M');
INSERT INTO `runners` VALUES (51, 2, 'RYAN', 'DUMRAUF', 6, 'M');
INSERT INTO `runners` VALUES (52, 2, 'ANDREW', 'HOANG', 6, 'M');
INSERT INTO `runners` VALUES (53, 2, 'JIMMY', 'GIULIANO', 7, 'M');
INSERT INTO `runners` VALUES (54, 2, 'DOMINIK', 'BERRIOS', 6, 'M');
INSERT INTO `runners` VALUES (55, 2, 'BEN', 'CASTANEDA', 6, 'M');
INSERT INTO `runners` VALUES (56, 2, 'JOSH', 'LARKOWSKI', 6, 'M');
INSERT INTO `runners` VALUES (57, 2, 'KYLE', 'NGUYEN', 6, 'M');
INSERT INTO `runners` VALUES (58, 2, 'MIKEY', 'GRILLS', 8, 'M');
INSERT INTO `runners` VALUES (59, 2, 'ALEX', 'GORDON', 7, 'M');
INSERT INTO `runners` VALUES (60, 2, 'OWEN', 'GREEN', 6, 'M');
INSERT INTO `runners` VALUES (61, 2, 'DAMIEN', 'PUMA', 6, 'M');
INSERT INTO `runners` VALUES (62, 2, 'NICHOLAS', 'CUEVAS', 6, 'M');
INSERT INTO `runners` VALUES (63, 2, 'TREVOR', 'ROEHRICK', 6, 'M');
INSERT INTO `runners` VALUES (64, 2, 'JACK', 'NUSSBAUM', 7, 'M');
INSERT INTO `runners` VALUES (65, 2, 'IRVING', 'POPOCA', 8, 'M');
INSERT INTO `runners` VALUES (66, 2, 'TYLER', 'MATSUDA', 7, 'M');
INSERT INTO `runners` VALUES (67, 2, 'CAMERON', 'CLARK', 8, 'M');
INSERT INTO `runners` VALUES (68, 2, 'NATHAN', 'GLEASON', 8, 'M');
INSERT INTO `runners` VALUES (69, 2, 'KEVIN', 'SEMCHUK', 8, 'M');
INSERT INTO `runners` VALUES (70, 2, 'JACK', 'FRANZ', 8, 'M');
INSERT INTO `runners` VALUES (71, 2, 'AARON', 'PATTIS', 8, 'M');
INSERT INTO `runners` VALUES (72, 2, 'BENJI', 'WELLISCH', 8, 'M');
INSERT INTO `runners` VALUES (73, 2, 'CHRISTIAN', 'ORTIZ', 8, 'M');
INSERT INTO `runners` VALUES (74, 2, 'ALEX', 'LOFRANO', 8, 'M');
INSERT INTO `runners` VALUES (75, 2, 'NICHOLAS', 'SKINKYS', 8, 'M');
INSERT INTO `runners` VALUES (76, 2, 'DEREK', 'PULLEGA', 8, 'M');
INSERT INTO `runners` VALUES (77, 2, 'BEN', 'HASLEY', 8, 'M');
INSERT INTO `runners` VALUES (78, 2, 'ENRIQUE', 'GOMEZ', 8, 'M');
INSERT INTO `runners` VALUES (79, 14, 'NATHAN', 'BECK', 5, 'M');
INSERT INTO `runners` VALUES (80, 14, 'LUKE', 'BRADY', 5, 'M');
INSERT INTO `runners` VALUES (81, 14, 'KATE', 'BRILEY', 5, 'F');
INSERT INTO `runners` VALUES (82, 14, 'LUCAS', 'CHUNG', 5, 'M');
INSERT INTO `runners` VALUES (83, 14, 'RYAN', 'FORS', 5, 'M');
INSERT INTO `runners` VALUES (84, 14, 'TES', 'KETTERMAN', 5, 'F');
INSERT INTO `runners` VALUES (85, 14, 'KATARINA', 'KOESTER', 5, 'F');
INSERT INTO `runners` VALUES (86, 14, 'AVANNA', 'RESTAINO', 5, 'F');
INSERT INTO `runners` VALUES (87, 14, 'COLLEEN', 'THUMM', 5, 'F');
INSERT INTO `runners` VALUES (88, 14, 'EMMA', 'WOODFORD', 5, 'F');
INSERT INTO `runners` VALUES (89, 14, 'NORA', 'BRADY', 6, 'F');
INSERT INTO `runners` VALUES (90, 14, 'GRACE', 'CASKEY', 6, 'F');
INSERT INTO `runners` VALUES (91, 14, 'STELLA', 'FELDHAUS', 6, 'F');
INSERT INTO `runners` VALUES (92, 14, 'CAITLIN', 'GALLAGHER', 6, 'F');
INSERT INTO `runners` VALUES (93, 14, 'TAYLOR', 'AUSTIN', 7, 'F');
INSERT INTO `runners` VALUES (94, 14, 'NICK', 'CARRERA', 7, 'M');
INSERT INTO `runners` VALUES (95, 14, 'MEGAN', 'FORS', 7, 'F');
INSERT INTO `runners` VALUES (96, 14, 'BEN', 'MEHALIC', 7, 'M');
INSERT INTO `runners` VALUES (97, 14, 'EDDIE', 'MILLS', 7, 'M');
INSERT INTO `runners` VALUES (98, 14, 'RYAN', 'THUMM', 7, 'M');
INSERT INTO `runners` VALUES (99, 14, 'AUGUST', 'BRYAN', 8, 'M');
INSERT INTO `runners` VALUES (100, 14, 'ANTHONY', 'COSENTINO', 8, 'M');
INSERT INTO `runners` VALUES (101, 14, 'LIAM', 'DEVINE', 8, 'M');
INSERT INTO `runners` VALUES (102, 14, 'JACK', 'DONOVAN', 8, 'M');
INSERT INTO `runners` VALUES (103, 14, 'WILLIAM', 'HUBER', 8, 'M');
INSERT INTO `runners` VALUES (104, 14, 'BEN', 'ROBERTSON', 8, 'M');
INSERT INTO `runners` VALUES (105, 14, 'MARY', 'TORK', 8, 'F');
INSERT INTO `runners` VALUES (106, 14, 'KAITLIN', 'ZUCCO', 8, 'F');
INSERT INTO `runners` VALUES (107, 1, 'RYAN', 'BROWN', 8, 'M');
INSERT INTO `runners` VALUES (108, 1, 'GRIFFIN', 'GINDER', 8, 'M');
INSERT INTO `runners` VALUES (109, 1, 'CARSON', 'MILLIGAN', 8, 'M');
INSERT INTO `runners` VALUES (110, 1, 'ELLY', 'BUERGER', 7, 'F');
INSERT INTO `runners` VALUES (111, 1, 'ELLISE', 'CONDON', 7, 'F');
INSERT INTO `runners` VALUES (112, 1, 'MICHAEL', 'ENZ', 7, 'M');
INSERT INTO `runners` VALUES (113, 1, 'LUCIANA', 'GUTIERREZ', 7, 'F');
INSERT INTO `runners` VALUES (114, 1, 'OLIVIA', 'HARMON', 7, 'F');
INSERT INTO `runners` VALUES (115, 1, 'JOSH', 'MAYO', 7, 'M');
INSERT INTO `runners` VALUES (116, 1, 'ABIGAIL', 'VARVARA', 7, 'F');
INSERT INTO `runners` VALUES (117, 1, 'YASHUA', 'BARAHAS', 6, 'M');
INSERT INTO `runners` VALUES (118, 1, 'JUSTIN', 'DAHL', 6, 'M');
INSERT INTO `runners` VALUES (119, 1, 'MACKENZIE', 'GINDER', 6, 'F');
INSERT INTO `runners` VALUES (120, 1, 'ANNA', 'HARDEN', 6, 'F');
INSERT INTO `runners` VALUES (121, 1, 'JONATHAN', 'RYG', 6, 'M');
INSERT INTO `runners` VALUES (122, 1, 'GRANT', 'SMITH', 6, 'M');
INSERT INTO `runners` VALUES (123, 1, 'EMMA', 'VANMEVEREN', 6, 'F');
INSERT INTO `runners` VALUES (124, 1, 'BRIDGET', 'DERENGOWSKI', 5, 'F');
INSERT INTO `runners` VALUES (125, 1, 'ZACHARY', 'FRAYDER', 5, 'M');
INSERT INTO `runners` VALUES (126, 1, 'TYSON', 'HALPER', 5, 'M');
INSERT INTO `runners` VALUES (127, 1, 'BRANDON', 'KOCLANIS', 5, 'M');
INSERT INTO `runners` VALUES (128, 1, 'JACOB', 'KOCLANIS', 5, 'M');
INSERT INTO `runners` VALUES (129, 1, 'MEGAN', 'LEIDY', 5, 'F');
INSERT INTO `runners` VALUES (130, 1, 'CHRISTIAN', 'MARTIN', 5, 'M');
INSERT INTO `runners` VALUES (131, 1, 'DANIEL', 'MAYO', 5, 'M');
INSERT INTO `runners` VALUES (132, 1, 'JARED', 'RYG', 5, 'M');
INSERT INTO `runners` VALUES (133, 1, 'EVA', 'WICKBOLDT', 5, 'F');
INSERT INTO `runners` VALUES (134, 1, 'BLAKE', 'HALPER', 4, 'M');
INSERT INTO `runners` VALUES (135, 1, 'ABIGAIL', 'HOMOLY', 4, 'F');
INSERT INTO `runners` VALUES (136, 1, 'JACOB', 'LEIDY', 4, 'M');
INSERT INTO `runners` VALUES (137, 1, 'NOLAN', 'SMITH', 4, 'M');
INSERT INTO `runners` VALUES (138, 1, 'ETHAN', 'WATSON', 4, 'M');
INSERT INTO `runners` VALUES (139, 24, 'MATTHEW', 'BRENTS', 3, 'M');
INSERT INTO `runners` VALUES (140, 24, 'BEN', 'MANNION', 3, 'M');
INSERT INTO `runners` VALUES (141, 24, 'TJ', 'SPINA', 3, 'M');
INSERT INTO `runners` VALUES (142, 24, 'BRAM', 'SCHMITZ', 3, 'M');
INSERT INTO `runners` VALUES (143, 24, 'AMELIA', 'MEIER', 3, 'F');
INSERT INTO `runners` VALUES (144, 24, 'ALLI', 'LINKE', 3, 'F');
INSERT INTO `runners` VALUES (145, 24, 'ABBY', 'KIEPURA', 3, 'F');
INSERT INTO `runners` VALUES (146, 24, 'LIBBY', 'MCDONOUGH', 3, 'F');
INSERT INTO `runners` VALUES (147, 24, 'AMY', 'BRENNAN', 3, 'F');
INSERT INTO `runners` VALUES (148, 24, 'OLIVIA', 'JANISCH', 3, 'F');
INSERT INTO `runners` VALUES (149, 24, 'KIREE', 'PERSON', 3, 'F');
INSERT INTO `runners` VALUES (150, 24, 'LUKE', 'COOK', 4, 'M');
INSERT INTO `runners` VALUES (151, 24, 'RYAN', 'COOK', 4, 'M');
INSERT INTO `runners` VALUES (152, 24, 'LANDON', 'DRAGICEVICH', 4, 'M');
INSERT INTO `runners` VALUES (153, 24, 'OLIVER', 'TEMPKO', 4, 'M');
INSERT INTO `runners` VALUES (154, 24, 'SEAN', 'DALUGA', 4, 'M');
INSERT INTO `runners` VALUES (155, 24, 'JONATHAN', 'SORIANO', 4, 'M');
INSERT INTO `runners` VALUES (156, 24, 'GRIFFIN', 'HANDLER', 4, 'M');
INSERT INTO `runners` VALUES (157, 24, 'ANTHONY', 'SCHUTTLER', 4, 'M');
INSERT INTO `runners` VALUES (158, 24, 'CAROLINE', 'MENZE', 4, 'F');
INSERT INTO `runners` VALUES (159, 24, 'CAROLINE', 'MACHEL', 4, 'F');
INSERT INTO `runners` VALUES (160, 24, 'NORAH', 'ARDITO', 4, 'F');
INSERT INTO `runners` VALUES (161, 24, 'KATIE', 'WENTLING', 4, 'F');
INSERT INTO `runners` VALUES (162, 24, 'ELIZABETH', 'MOLDOVAN', 4, 'F');
INSERT INTO `runners` VALUES (163, 24, 'AUTSIN', 'WITT', 5, 'M');
INSERT INTO `runners` VALUES (164, 24, 'TRAVIS', 'ARDITO', 5, 'M');
INSERT INTO `runners` VALUES (165, 24, 'DANNY', 'BROSNAN', 5, 'M');
INSERT INTO `runners` VALUES (166, 24, 'GAVIN', 'FACK', 5, 'M');
INSERT INTO `runners` VALUES (167, 24, 'WILLIAM', 'MARKWORTH', 5, 'M');
INSERT INTO `runners` VALUES (168, 24, 'JACK', 'MANNION', 5, 'M');
INSERT INTO `runners` VALUES (169, 24, 'COLTER', 'PERSON', 5, 'M');
INSERT INTO `runners` VALUES (170, 24, 'BRADY', 'MCDONOUGH', 5, 'M');
INSERT INTO `runners` VALUES (171, 24, 'ALEX', 'ZUDOR', 5, 'M');
INSERT INTO `runners` VALUES (172, 24, 'NATALIE', 'DAVIS', 5, 'F');
INSERT INTO `runners` VALUES (173, 24, 'ELLA', 'DUCKMANN', 5, 'F');
INSERT INTO `runners` VALUES (174, 24, 'KRISTIN', 'WENTLING', 5, 'F');
INSERT INTO `runners` VALUES (175, 24, 'ZOE', 'PARCHIM', 5, 'F');
INSERT INTO `runners` VALUES (176, 24, 'FIONA', 'MEIER', 5, 'F');
INSERT INTO `runners` VALUES (177, 24, 'LUKE', 'HOLTMEIER', 6, 'M');
INSERT INTO `runners` VALUES (178, 24, 'BEN', 'BROSNAN', 6, 'M');
INSERT INTO `runners` VALUES (179, 24, 'TAYLOR', 'LINKE', 6, 'F');
INSERT INTO `runners` VALUES (180, 24, 'JACLYN', 'RIEDL', 6, 'F');
INSERT INTO `runners` VALUES (181, 24, 'LILI', 'DUCKMANN', 7, 'F');
INSERT INTO `runners` VALUES (182, 24, 'SOPHIE', 'HYNDMAN', 7, 'F');
INSERT INTO `runners` VALUES (183, 24, 'JOE', 'MANTYCH', 8, 'M');
INSERT INTO `runners` VALUES (184, 24, 'JOE', 'TRUPPA', 8, 'M');
INSERT INTO `runners` VALUES (185, 24, 'PEYTON', 'HASENOHRL', 8, 'F');
INSERT INTO `runners` VALUES (186, 10, 'SERRA', 'LUGARDO', 5, 'F');
INSERT INTO `runners` VALUES (187, 10, 'LUCAS', 'CEKIC', 5, 'M');
INSERT INTO `runners` VALUES (188, 10, 'JOHN', 'REYES', 5, 'M');
INSERT INTO `runners` VALUES (189, 10, 'ALYSSA', 'DYADENKO', 5, 'F');
INSERT INTO `runners` VALUES (190, 10, 'MONIKA', 'JUSCINSKA', 5, 'F');
INSERT INTO `runners` VALUES (191, 10, 'SOFIA', 'VAN DERMEIR', 5, 'F');
INSERT INTO `runners` VALUES (192, 10, 'ANDRE', 'SIBAYAN', 5, 'M');
INSERT INTO `runners` VALUES (193, 10, 'KENADI', 'NORMAN', 5, 'F');
INSERT INTO `runners` VALUES (194, 10, 'FRANKIE', 'CASCELLA', 5, 'M');
INSERT INTO `runners` VALUES (195, 10, 'MARIANA', 'AGUAYO', 5, 'F');
INSERT INTO `runners` VALUES (196, 10, 'MARIE DENISE', 'MONARCA', 5, 'F');
INSERT INTO `runners` VALUES (197, 10, 'NICOLETTE', 'LEMBKE', 5, 'F');
INSERT INTO `runners` VALUES (198, 10, 'KEVIN', 'CHANARNIA', 5, 'M');
INSERT INTO `runners` VALUES (199, 10, 'GIANNA', 'ALTIER', 5, 'F');
INSERT INTO `runners` VALUES (200, 10, 'DEREK', 'STEINEZ', 5, 'M');
INSERT INTO `runners` VALUES (201, 10, 'AALEYIAH', 'HAUGHTON', 5, 'F');
INSERT INTO `runners` VALUES (202, 10, 'RYAN', 'NAGLE', 5, 'M');
INSERT INTO `runners` VALUES (203, 10, 'TABITHA', 'NALEPA', 5, 'F');
INSERT INTO `runners` VALUES (204, 10, 'GREGORY', 'KUBON', 5, 'M');
INSERT INTO `runners` VALUES (205, 10, 'AMELIA', 'KITRYS', 8, 'F');
INSERT INTO `runners` VALUES (206, 10, 'GABI', 'MAKOWSKI', 6, 'F');
INSERT INTO `runners` VALUES (207, 10, 'ISABELLA', 'FELMAN', 7, 'F');
INSERT INTO `runners` VALUES (208, 10, 'ELIANA', 'ARANA', 7, 'F');
INSERT INTO `runners` VALUES (209, 10, 'GIANNA', 'CASCELLA', 7, 'F');
INSERT INTO `runners` VALUES (210, 10, 'NORA', 'VIERS', 7, 'F');
INSERT INTO `runners` VALUES (211, 10, 'LIZBETH', 'OROPEZA', 8, 'F');
INSERT INTO `runners` VALUES (212, 10, 'AMY', 'ARCISZEWSKI', 8, 'F');
INSERT INTO `runners` VALUES (213, 10, 'IBUKUNOLUWA', 'AJAYI', 6, 'F');
INSERT INTO `runners` VALUES (214, 10, 'LIVIA', 'CHRISTOPHER', 6, 'F');
INSERT INTO `runners` VALUES (215, 10, 'LYDIA', 'GRABSKE', 6, 'F');
INSERT INTO `runners` VALUES (216, 10, 'EMILIA', 'RYKOWSKI', 7, 'F');
INSERT INTO `runners` VALUES (217, 10, 'JILLIAN', 'ODONNELL', 7, 'F');
INSERT INTO `runners` VALUES (218, 10, 'TESS', 'ODONNELL', 6, 'F');
INSERT INTO `runners` VALUES (219, 35, 'ETHAN', 'BARATTA', 6, 'M');
INSERT INTO `runners` VALUES (220, 35, 'ELIJAH', 'MATAS', 6, 'M');
INSERT INTO `runners` VALUES (221, 35, 'BRANDON', 'FREY', 5, 'M');
INSERT INTO `runners` VALUES (222, 35, 'REESE', 'POLITO', 5, 'M');
INSERT INTO `runners` VALUES (223, 35, 'CAMERON', 'SCHIADA', 5, 'M');
INSERT INTO `runners` VALUES (224, 35, 'GIANCARLO', 'BANDUCCI', 5, 'M');
INSERT INTO `runners` VALUES (225, 35, 'MADDY', 'WAHLEN', 7, 'F');
INSERT INTO `runners` VALUES (226, 35, 'MADDIE', 'SNELLER', 5, 'F');
INSERT INTO `runners` VALUES (227, 35, 'KYRA', 'EPTING', 5, 'F');
INSERT INTO `runners` VALUES (228, 19, 'DANNY', 'RIORDAN', 8, 'M');
INSERT INTO `runners` VALUES (229, 19, 'WILLIAM', 'VON STAT', 7, 'M');
INSERT INTO `runners` VALUES (230, 19, 'COLUM', 'MCNALLY', 7, 'M');
INSERT INTO `runners` VALUES (231, 19, 'ELIZA', 'LUST', 6, 'F');
INSERT INTO `runners` VALUES (232, 19, 'HENRY', 'DANIEL', 4, 'M');
INSERT INTO `runners` VALUES (236, 19, 'ASHLEY', 'GABA', 4, 'F');
INSERT INTO `runners` VALUES (237, 19, 'VICTORIA', 'ARRIAZOLA', 4, 'F');
INSERT INTO `runners` VALUES (238, 19, 'LUCY', 'MCNALLY', 4, 'F');
INSERT INTO `runners` VALUES (239, 4, 'RUSSELL', 'CAMPBELL', 6, 'M');
INSERT INTO `runners` VALUES (240, 4, 'AUSTIN', 'EMMANUEL', 5, 'M');
INSERT INTO `runners` VALUES (241, 4, 'RORY', 'GAAN', 4, 'M');
INSERT INTO `runners` VALUES (242, 4, 'LOGAN', 'GROSSICH', 5, 'M');
INSERT INTO `runners` VALUES (243, 4, 'ANDREW', 'JOHNS', 8, 'M');
INSERT INTO `runners` VALUES (244, 4, 'JONATHAN', 'KIM', 8, 'M');
INSERT INTO `runners` VALUES (245, 4, 'JONATHAN', 'LINK', 7, 'M');
INSERT INTO `runners` VALUES (246, 4, 'TATE', 'SCHAEDIG', 8, 'M');
INSERT INTO `runners` VALUES (247, 4, 'ROBERT', 'SCHMITT', 7, 'M');
INSERT INTO `runners` VALUES (248, 4, 'ELI', 'SHERMAN', 8, 'M');
INSERT INTO `runners` VALUES (249, 4, 'IAN', 'SHERMAN', 8, 'M');
INSERT INTO `runners` VALUES (250, 4, 'ETHAN', 'STABACK', 4, 'M');
INSERT INTO `runners` VALUES (251, 4, 'COLIN', 'VANDERGIESSEN', 4, 'M');
INSERT INTO `runners` VALUES (252, 4, 'NATE', 'VANDERGIESSEN', 5, 'M');
INSERT INTO `runners` VALUES (253, 4, 'STEVEN', 'VEREMIS', 6, 'M');
INSERT INTO `runners` VALUES (254, 23, 'BRENDAN', 'ANCHOR', 8, 'M');
INSERT INTO `runners` VALUES (255, 4, 'JACOB', 'KIM', 4, 'M');
INSERT INTO `runners` VALUES (256, 4, 'ALIYA', 'BEDELL', 3, 'F');
INSERT INTO `runners` VALUES (257, 23, 'LUKE', 'CHAFFIN', 8, 'M');
INSERT INTO `runners` VALUES (258, 4, 'FRANCESCA', 'HENDERSON', 5, 'F');
INSERT INTO `runners` VALUES (259, 4, 'ERICA', 'LAVALLE', 7, 'F');
INSERT INTO `runners` VALUES (260, 4, 'MORGAN', 'LIND', 7, 'F');
INSERT INTO `runners` VALUES (261, 23, 'CASSIE', 'ANCHOR', 5, 'F');
INSERT INTO `runners` VALUES (262, 4, 'RACHEL', 'LIND', 5, 'F');
INSERT INTO `runners` VALUES (263, 4, 'ADDISON', 'LUNA', 5, 'F');
INSERT INTO `runners` VALUES (264, 4, 'KYLEE', 'STAMMER', 8, 'F');
INSERT INTO `runners` VALUES (265, 4, 'KYRA', 'VEREMIS', 6, 'F');
INSERT INTO `runners` VALUES (266, 23, 'CAROLINE', 'BINOTTI', 8, 'F');
INSERT INTO `runners` VALUES (267, 4, 'MICHELLE', 'WALSH', 6, 'F');
INSERT INTO `runners` VALUES (268, 11, 'AVA', 'CHESNUT', 8, 'F');
INSERT INTO `runners` VALUES (269, 23, 'GRETCHEN', 'CASPER', 8, 'F');
INSERT INTO `runners` VALUES (270, 4, 'ANNA', 'SCHMITT', 7, 'F');
INSERT INTO `runners` VALUES (271, 11, 'LUKE', 'GAVIN', 7, 'M');
INSERT INTO `runners` VALUES (272, 11, 'HALLIDAY', 'KELLYN', 7, 'F');
INSERT INTO `runners` VALUES (273, 23, 'AUBRIE', 'ETTNER', 6, 'F');
INSERT INTO `runners` VALUES (274, 11, 'BEN', 'LAMSMA', 7, 'M');
INSERT INTO `runners` VALUES (275, 23, 'BRANT', 'LESHER', 8, 'M');
INSERT INTO `runners` VALUES (276, 11, 'KATIE', 'GERTSEN', 6, 'F');
INSERT INTO `runners` VALUES (277, 11, 'JORDAN', 'BOCK', 5, 'F');
INSERT INTO `runners` VALUES (278, 23, 'MALLORY', 'LESHER', 6, 'F');
INSERT INTO `runners` VALUES (279, 11, 'CHRISTINA', 'DOWNS', 5, 'F');
INSERT INTO `runners` VALUES (280, 23, 'COHEN', 'MUSSCHOOT', 6, 'M');
INSERT INTO `runners` VALUES (281, 11, 'JACK', 'GUDGEL', 4, 'M');
INSERT INTO `runners` VALUES (282, 23, 'ISABELLA', 'NEUROCK', 8, 'F');
INSERT INTO `runners` VALUES (283, 23, 'ATHAN', 'POGGAS', 5, 'M');
INSERT INTO `runners` VALUES (284, 23, 'DEVON', 'ROGERS', 6, 'M');
INSERT INTO `runners` VALUES (285, 23, 'GABE', 'SCHMIEGELT', 7, 'M');
INSERT INTO `runners` VALUES (286, 23, 'ZACH', 'SECOR', 8, 'M');
INSERT INTO `runners` VALUES (287, 23, 'HUNTER', 'SMITH', 6, 'M');
INSERT INTO `runners` VALUES (288, 23, 'RYLAN', 'SMITH', 5, 'M');
INSERT INTO `runners` VALUES (289, 23, 'RYAN', 'TUOHEY', 7, 'M');
INSERT INTO `runners` VALUES (290, 23, 'JERICHO', 'TYNIS', 6, 'M');
INSERT INTO `runners` VALUES (291, 23, 'ZOEY', 'VALLEE', 5, 'F');
INSERT INTO `runners` VALUES (292, 28, 'WILLIAM', 'GILLASPIE', 5, 'M');
INSERT INTO `runners` VALUES (293, 28, 'MOLLY', 'IDEN', 8, 'F');
INSERT INTO `runners` VALUES (294, 28, 'MADISON', 'KENYON', 5, 'F');
INSERT INTO `runners` VALUES (295, 28, 'AHRON', 'OLIVARES', 8, 'M');
INSERT INTO `runners` VALUES (296, 28, 'DECLAN', 'PIVNICKA', 6, 'M');
INSERT INTO `runners` VALUES (297, 28, 'THOMAS', 'SIECK', 6, 'M');
INSERT INTO `runners` VALUES (298, 28, 'ANGEL', 'VENCES', 8, 'M');
INSERT INTO `runners` VALUES (299, 28, 'PETER', 'WALSDORF', 8, 'M');
INSERT INTO `runners` VALUES (300, 28, 'JANE', 'WALSDORF', 8, 'F');
INSERT INTO `runners` VALUES (301, 28, 'BELLA', 'ZECCHIN', 6, 'F');
INSERT INTO `runners` VALUES (302, 3, 'ANGELINA', 'AGALIANOS', 6, 'F');
INSERT INTO `runners` VALUES (303, 3, 'SOPHIA', 'ANAST', 6, 'F');
INSERT INTO `runners` VALUES (304, 3, 'JULIA', 'BALTES', 6, 'F');
INSERT INTO `runners` VALUES (305, 3, 'GRACE', 'CASSAIDY', 6, 'F');
INSERT INTO `runners` VALUES (306, 3, 'ERIN', 'FARRADAY', 6, 'F');
INSERT INTO `runners` VALUES (307, 3, 'ALIVIA', 'FOLEY', 6, 'F');
INSERT INTO `runners` VALUES (308, 3, 'ISABELLE', 'KADLUBOWSKI', 6, 'F');
INSERT INTO `runners` VALUES (309, 3, 'GRACE', 'LUNCSFORD', 6, 'F');
INSERT INTO `runners` VALUES (310, 3, 'MARINA', 'MAKROPOULOS', 6, 'F');
INSERT INTO `runners` VALUES (311, 3, 'AVA', 'NOVAK', 6, 'F');
INSERT INTO `runners` VALUES (312, 3, 'KATE', 'PARISI', 6, 'F');
INSERT INTO `runners` VALUES (313, 3, 'SUHANI', 'PATEL', 6, 'F');
INSERT INTO `runners` VALUES (314, 3, 'CASSIDY', 'PAYNE', 6, 'F');
INSERT INTO `runners` VALUES (315, 3, 'NATALIE', 'PEARSON', 6, 'F');
INSERT INTO `runners` VALUES (316, 3, 'REBECCA', 'PENTIKAINEN', 6, 'F');
INSERT INTO `runners` VALUES (317, 3, 'DIANE', 'STRUGARIU', 6, 'F');
INSERT INTO `runners` VALUES (318, 3, 'EVELYN', 'ALLEMEIER', 7, 'F');
INSERT INTO `runners` VALUES (319, 3, 'AUDREY', 'GINSBERG', 7, 'F');
INSERT INTO `runners` VALUES (320, 3, 'JACKIE', 'KEANE', 7, 'F');
INSERT INTO `runners` VALUES (321, 3, 'ANIKA', 'KNIPPLE', 7, 'F');
INSERT INTO `runners` VALUES (322, 3, 'ERIN', 'MCCLUSKEY', 7, 'F');
INSERT INTO `runners` VALUES (323, 3, 'DELANEY', 'NOLD', 7, 'F');
INSERT INTO `runners` VALUES (324, 3, 'ALYSSA', 'SCHULZ', 7, 'F');
INSERT INTO `runners` VALUES (325, 3, 'CLAIRE', 'BEATTIE', 8, 'F');
INSERT INTO `runners` VALUES (326, 3, 'NATALIE', 'CANTIERI', 8, 'F');
INSERT INTO `runners` VALUES (327, 3, 'GABBY', 'CONTRERAS', 8, 'F');
INSERT INTO `runners` VALUES (328, 3, 'TESSA', 'FUSILERO', 8, 'F');
INSERT INTO `runners` VALUES (329, 3, 'ISABELLA', 'OSTLING', 8, 'F');
INSERT INTO `runners` VALUES (330, 3, 'MEGAN', 'OTTO', 8, 'F');
INSERT INTO `runners` VALUES (331, 3, 'EMMA', 'PREISSING', 8, 'F');
INSERT INTO `runners` VALUES (332, 3, 'SAMANTHA', 'PREISSING', 8, 'F');
INSERT INTO `runners` VALUES (333, 3, 'PAIGE', 'RUNKLE', 8, 'F');
INSERT INTO `runners` VALUES (334, 3, 'HANNAH', 'SMITH', 8, 'F');
INSERT INTO `runners` VALUES (335, 3, 'HOPE', 'WASOWICZ', 8, 'F');
INSERT INTO `runners` VALUES (336, 3, 'WILL', 'BAYSINGER', 6, 'M');
INSERT INTO `runners` VALUES (337, 3, 'NICK', 'BECK', 6, 'M');
INSERT INTO `runners` VALUES (338, 3, 'EDDIE', 'DIBENEDETTO', 6, 'M');
INSERT INTO `runners` VALUES (339, 3, 'CHARLIE', 'FROST', 6, 'M');
INSERT INTO `runners` VALUES (340, 3, 'DOMINICK', 'GARA', 6, 'M');
INSERT INTO `runners` VALUES (341, 3, 'SEAN', 'KONIECZKA', 6, 'M');
INSERT INTO `runners` VALUES (342, 3, 'ANDREW', 'LITTMAN', 6, 'M');
INSERT INTO `runners` VALUES (343, 3, 'NICK', 'LOBACZ', 6, 'M');
INSERT INTO `runners` VALUES (344, 3, 'ZACK', 'MORETH', 6, 'M');
INSERT INTO `runners` VALUES (345, 3, 'ROSS', 'PARINA', 6, 'M');
INSERT INTO `runners` VALUES (346, 3, 'JAKE', 'PARISI', 6, 'M');
INSERT INTO `runners` VALUES (347, 3, 'JACOB', 'POPOWSKI', 6, 'M');
INSERT INTO `runners` VALUES (348, 3, 'MASSI', 'RAGO', 6, 'M');
INSERT INTO `runners` VALUES (349, 3, 'ROMAN', 'RALON', 6, 'M');
INSERT INTO `runners` VALUES (350, 3, 'JOHN', 'ALDWORTH', 7, 'M');
INSERT INTO `runners` VALUES (351, 3, 'TORRIN', 'COLEHOUR', 7, 'M');
INSERT INTO `runners` VALUES (352, 3, 'KAMIL', 'DROZD', 7, 'M');
INSERT INTO `runners` VALUES (353, 3, 'NICHOLAS', 'GAVIN', 7, 'M');
INSERT INTO `runners` VALUES (354, 3, 'AL', 'KAZUK', 7, 'M');
INSERT INTO `runners` VALUES (355, 3, 'SEAN', 'KURA', 7, 'M');
INSERT INTO `runners` VALUES (356, 3, 'ANDY', 'MCNALLY', 7, 'M');
INSERT INTO `runners` VALUES (357, 3, 'AIDAN', 'MURRAY', 7, 'M');
INSERT INTO `runners` VALUES (358, 3, 'GAVIN', 'PELSOR', 7, 'M');
INSERT INTO `runners` VALUES (359, 3, 'CAL', 'RECKAMP', 7, 'M');
INSERT INTO `runners` VALUES (360, 3, 'ALEX', 'RIDER-LEINER', 7, 'M');
INSERT INTO `runners` VALUES (361, 3, 'SEBASTIAN', 'SCHOYER', 7, 'M');
INSERT INTO `runners` VALUES (362, 3, 'MICHAEL', 'STEIN', 7, 'M');
INSERT INTO `runners` VALUES (363, 3, 'BRETT', 'THOMPSON', 7, 'M');
INSERT INTO `runners` VALUES (364, 3, 'PETER', 'ANAST', 8, 'M');
INSERT INTO `runners` VALUES (365, 3, 'JT', 'BAUTISTA', 8, 'M');
INSERT INTO `runners` VALUES (366, 3, 'JIMMY', 'BECK', 8, 'M');
INSERT INTO `runners` VALUES (367, 3, 'JACK', 'DECHOUDENS', 8, 'M');
INSERT INTO `runners` VALUES (368, 3, 'SEAN', 'KAEMPFER', 8, 'M');
INSERT INTO `runners` VALUES (369, 3, 'GAVIN', 'KAFKAKIS', 8, 'M');
INSERT INTO `runners` VALUES (370, 3, 'OWEN', 'LEWIS', 8, 'M');
INSERT INTO `runners` VALUES (371, 3, 'YANNI', 'MAKROPOULOS', 8, 'M');
INSERT INTO `runners` VALUES (372, 3, 'DAVID', 'MURRAY', 8, 'M');
INSERT INTO `runners` VALUES (373, 3, 'ADAM', 'VALENTINI', 8, 'M');
INSERT INTO `runners` VALUES (374, 3, 'CALEB', 'WALSH', 8, 'M');
INSERT INTO `runners` VALUES (375, 3, 'ASHER', 'WARMANEN', 8, 'M');
INSERT INTO `runners` VALUES (376, 9, 'CARLO', 'LISSUZZO', 5, 'M');
INSERT INTO `runners` VALUES (377, 9, 'ISAAC', 'KENT', 6, 'M');
INSERT INTO `runners` VALUES (378, 9, 'ISAIAH', 'KENT', 7, 'M');
INSERT INTO `runners` VALUES (379, 9, 'THOMAS', 'ROTATORI', 7, 'M');
INSERT INTO `runners` VALUES (380, 9, 'RYAN', 'LEONARD', 7, 'M');
INSERT INTO `runners` VALUES (381, 9, 'MATT', 'BUTTERLY', 7, 'M');
INSERT INTO `runners` VALUES (382, 9, 'SOREN', 'FLIEGEL', 8, 'M');
INSERT INTO `runners` VALUES (383, 9, 'PEARSE', 'GORMAN', 7, 'M');
INSERT INTO `runners` VALUES (384, 9, 'JACK', 'DWYER', 7, 'M');
INSERT INTO `runners` VALUES (385, 9, 'CHARLIE', 'FOLKER', 6, 'M');
INSERT INTO `runners` VALUES (386, 9, 'JAMES', 'SHORNEY', 8, 'M');
INSERT INTO `runners` VALUES (387, 9, 'GUS', 'DWYER', 5, 'M');
INSERT INTO `runners` VALUES (388, 9, 'AIDAN', 'BUTLER', 6, 'M');
INSERT INTO `runners` VALUES (389, 9, 'KEIRAN', 'CASSIDY', 6, 'M');
INSERT INTO `runners` VALUES (390, 9, 'WILLIAM', 'GEARHARDT', 7, 'M');
INSERT INTO `runners` VALUES (392, 9, 'COLE', 'RUEHLE', 6, 'M');
INSERT INTO `runners` VALUES (393, 9, 'SAM', 'HOUSEAL', 8, 'M');
INSERT INTO `runners` VALUES (394, 9, 'GORDIE', 'HUNTER', 5, 'M');
INSERT INTO `runners` VALUES (395, 9, 'BENJAMIN', 'QUINN', 5, 'M');
INSERT INTO `runners` VALUES (396, 9, 'RYAN', 'MONTROY', 7, 'M');
INSERT INTO `runners` VALUES (397, 9, 'ALEX', 'HASAPIS', 6, 'M');
INSERT INTO `runners` VALUES (398, 9, 'ALEX', 'BUTLER', 6, 'M');
INSERT INTO `runners` VALUES (399, 9, 'BENJAMIN', 'MONTENEZ', 8, 'M');
INSERT INTO `runners` VALUES (400, 9, 'JACK', 'ELZA', 6, 'M');
INSERT INTO `runners` VALUES (401, 9, 'JAKE', 'MATARAZZO', 5, 'M');
INSERT INTO `runners` VALUES (402, 9, 'MAX', 'CAGNINA', 8, 'M');
INSERT INTO `runners` VALUES (403, 9, 'GIDEON', 'LICHTERMAN', 8, 'M');
INSERT INTO `runners` VALUES (404, 9, 'OLIVIA', 'SAVILLE', 8, 'F');
INSERT INTO `runners` VALUES (405, 9, 'KATIE', 'CAHILL', 8, 'F');
INSERT INTO `runners` VALUES (406, 9, 'LEORA', 'KURTZ', 6, 'F');
INSERT INTO `runners` VALUES (407, 9, 'MIIKA', 'FORSYTH', 8, 'F');
INSERT INTO `runners` VALUES (408, 9, 'MOLLY', 'GIBBS', 8, 'F');
INSERT INTO `runners` VALUES (409, 9, 'GABBY', 'ISAAC', 8, 'F');
INSERT INTO `runners` VALUES (410, 9, 'ANGIE', 'STRAND', 7, 'F');
INSERT INTO `runners` VALUES (411, 9, 'NATALIE', 'QUINN', 6, 'F');
INSERT INTO `runners` VALUES (412, 9, 'MALINDA', 'MEYER', 5, 'F');
INSERT INTO `runners` VALUES (413, 9, 'ERIANA', 'BAYRON', 6, 'F');
INSERT INTO `runners` VALUES (414, 9, 'KATE', 'STURGEON', 6, 'F');
INSERT INTO `runners` VALUES (415, 9, 'RORY', 'CRONIN', 7, 'F');
INSERT INTO `runners` VALUES (416, 9, 'LILY', 'GENOVESE', 8, 'F');
INSERT INTO `runners` VALUES (417, 9, 'DANNY', 'MORAN', 6, 'M');
INSERT INTO `runners` VALUES (418, 9, 'OWEN', 'DETMER', 7, 'M');
INSERT INTO `runners` VALUES (419, 9, 'QUINN', 'BRIGHAM', 5, 'M');
INSERT INTO `runners` VALUES (420, 9, 'MASON', 'PHILLIPS', 5, 'M');
INSERT INTO `runners` VALUES (421, 9, 'JOSIE', 'HUMBERT', 7, 'F');
INSERT INTO `runners` VALUES (422, 9, 'JAMES', 'FREEDMAN', 6, 'M');
INSERT INTO `runners` VALUES (423, 9, 'GRAY', 'MATTES', 8, 'M');
INSERT INTO `runners` VALUES (424, 9, 'CHRIS', 'KADLEC', 6, 'M');
INSERT INTO `runners` VALUES (425, 9, 'LUKE', 'GILFILLAN', 7, 'M');
INSERT INTO `runners` VALUES (426, 9, 'MARCUS', 'WAX', 5, 'M');
INSERT INTO `runners` VALUES (427, 9, 'CHRIS', 'GODELLAS', 5, 'M');
INSERT INTO `runners` VALUES (428, 9, 'ASHER', 'GOTTLEIB', 5, 'M');
INSERT INTO `runners` VALUES (429, 9, 'MAEVE', 'MORAN', 6, 'F');
INSERT INTO `runners` VALUES (430, 6, 'ALEX', 'BECKER', 6, 'M');
INSERT INTO `runners` VALUES (431, 6, 'RYAN', 'HORNER', 6, 'M');
INSERT INTO `runners` VALUES (432, 6, 'TOMMY', 'KUNZ', 6, 'M');
INSERT INTO `runners` VALUES (433, 6, 'ANDREW', 'LANGER', 6, 'M');
INSERT INTO `runners` VALUES (434, 6, 'SHANE', 'ROOZEBOOM', 6, 'M');
INSERT INTO `runners` VALUES (435, 6, 'DONALD', 'TOBER', 6, 'M');
INSERT INTO `runners` VALUES (436, 6, 'LINDSEY', 'ANDERSON', 6, 'F');
INSERT INTO `runners` VALUES (437, 6, 'LIZZY', 'CARLSON', 6, 'F');
INSERT INTO `runners` VALUES (438, 6, 'NOELLE', 'ELLINGSEN', 6, 'F');
INSERT INTO `runners` VALUES (439, 6, 'RACHEL', 'GIERSZ', 6, 'F');
INSERT INTO `runners` VALUES (440, 6, 'LILIA', 'HACKERT', 6, 'F');
INSERT INTO `runners` VALUES (441, 6, 'VICTORIA', 'NATION', 6, 'F');
INSERT INTO `runners` VALUES (442, 6, 'MAGGIE', 'RHOADS', 6, 'F');
INSERT INTO `runners` VALUES (443, 6, 'MARTA', 'VEENSTRA', 6, 'F');
INSERT INTO `runners` VALUES (444, 6, 'JORDAN', 'WAGGONER', 6, 'F');
INSERT INTO `runners` VALUES (445, 6, 'PAIGE', 'PHILLIPS', 6, 'F');
INSERT INTO `runners` VALUES (446, 6, 'RYAN', 'DAVID', 7, 'M');
INSERT INTO `runners` VALUES (447, 6, 'JOEY', 'LA BARBERA', 7, 'M');
INSERT INTO `runners` VALUES (448, 6, 'CHARLIE', 'SCHAU', 7, 'M');
INSERT INTO `runners` VALUES (449, 6, 'JACK', 'SCHUURMAN', 6, 'M');
INSERT INTO `runners` VALUES (450, 6, 'JOSH', 'STOB', 7, 'M');
INSERT INTO `runners` VALUES (451, 6, 'PETER', 'THOMPSON', 7, 'M');
INSERT INTO `runners` VALUES (452, 6, 'ELLEN', 'COCHRAN', 7, 'F');
INSERT INTO `runners` VALUES (453, 6, 'TEGAN', 'GUNN', 7, 'F');
INSERT INTO `runners` VALUES (454, 6, 'PAIGE', 'HOVING', 7, 'F');
INSERT INTO `runners` VALUES (455, 6, 'GRACE', 'LINDEMULDER', 7, 'F');
INSERT INTO `runners` VALUES (456, 6, 'CHLOE', 'SALSKI', 7, 'F');
INSERT INTO `runners` VALUES (457, 6, 'RACHEL', 'SMITH', 7, 'F');
INSERT INTO `runners` VALUES (458, 6, 'JOSH', 'BODE', 8, 'M');
INSERT INTO `runners` VALUES (459, 6, 'NOAH', 'SMITH', 8, 'M');
INSERT INTO `runners` VALUES (460, 27, 'LILA', 'ACOTT', 8, 'F');
INSERT INTO `runners` VALUES (461, 6, 'KATE', 'FORGAC', 8, 'F');
INSERT INTO `runners` VALUES (462, 27, 'LILY', 'BAETHKE', 6, 'F');
INSERT INTO `runners` VALUES (463, 6, 'KIANA', 'MORRISEY', 8, 'F');
INSERT INTO `runners` VALUES (464, 6, 'ELENA', 'MUNK', 8, 'F');
INSERT INTO `runners` VALUES (465, 27, 'CHASE', 'BLANCHARD', 6, 'M');
INSERT INTO `runners` VALUES (466, 6, 'ETTA', 'VEENSTRA', 8, 'F');
INSERT INTO `runners` VALUES (467, 27, 'WILL', 'BRANDSTRADER', 8, 'M');
INSERT INTO `runners` VALUES (468, 27, 'AIDAN', 'BUCHANAN', 7, 'M');
INSERT INTO `runners` VALUES (469, 27, 'EMMA', 'BURKE', 5, 'F');
INSERT INTO `runners` VALUES (470, 27, 'JACK', 'CAMPBELL', 6, 'M');
INSERT INTO `runners` VALUES (471, 27, 'MATTHEW', 'CONROY', 5, 'M');
INSERT INTO `runners` VALUES (472, 27, 'THEO', 'CONROY', 7, 'M');
INSERT INTO `runners` VALUES (473, 27, 'CHARLES', 'COX', 5, 'M');
INSERT INTO `runners` VALUES (474, 27, 'CAROLINE', 'CURTIS', 8, 'F');
INSERT INTO `runners` VALUES (475, 27, 'BERKLEY-AYNE', 'DORSTEN', 6, 'F');
INSERT INTO `runners` VALUES (476, 27, 'WILL', 'FINNEGAN', 5, 'M');
INSERT INTO `runners` VALUES (477, 27, 'JACK', 'GARRIGUS', 8, 'M');
INSERT INTO `runners` VALUES (478, 27, 'RYAN', 'GREEN', 6, 'M');
INSERT INTO `runners` VALUES (479, 27, 'ELIZABETH', 'GUTTSCHOW', 8, 'F');
INSERT INTO `runners` VALUES (480, 27, 'LUKE', 'HOLECEK', 6, 'M');
INSERT INTO `runners` VALUES (481, 27, 'MATTHEW', 'JACHTOROWYCZ', 8, 'M');
INSERT INTO `runners` VALUES (482, 27, 'ANDREW', 'JEN', 8, 'M');
INSERT INTO `runners` VALUES (483, 27, 'JAMILA', 'JUSINO', 8, 'F');
INSERT INTO `runners` VALUES (484, 27, 'JACOB', 'KINZLER', 8, 'M');
INSERT INTO `runners` VALUES (485, 27, 'JACKSON', 'KOZAK', 8, 'M');
INSERT INTO `runners` VALUES (486, 27, 'ANDREW', 'LECHMAN', 8, 'M');
INSERT INTO `runners` VALUES (487, 27, 'SEAN', 'MINIHANE', 6, 'M');
INSERT INTO `runners` VALUES (488, 27, 'MATTHEW', 'NUGENT', 6, 'M');
INSERT INTO `runners` VALUES (489, 27, 'JOEY', 'PAXSON', 8, 'M');
INSERT INTO `runners` VALUES (490, 27, 'JOEY', 'PIERACCI', 6, 'M');
INSERT INTO `runners` VALUES (491, 27, 'JACK', 'QUALKENBUSH', 5, 'M');
INSERT INTO `runners` VALUES (492, 27, 'SILVANA', 'SCARSELLA', 8, 'F');
INSERT INTO `runners` VALUES (493, 27, 'KELLY', 'SCHULTZ', 7, 'F');
INSERT INTO `runners` VALUES (494, 27, 'TY', 'SHAGORY', 8, 'M');
INSERT INTO `runners` VALUES (495, 27, 'AYDEN', 'SMITH', 7, 'F');
INSERT INTO `runners` VALUES (496, 27, 'MACK', 'SMITH', 8, 'M');
INSERT INTO `runners` VALUES (497, 27, 'GRACE', 'STAUDER', 5, 'F');
INSERT INTO `runners` VALUES (498, 27, 'GAVIN', 'VELASCO', 7, 'M');
INSERT INTO `runners` VALUES (499, 27, 'AIDAN', 'WAHLERT', 8, 'M');
INSERT INTO `runners` VALUES (500, 27, 'SAM', 'WALKER', 5, 'M');
INSERT INTO `runners` VALUES (501, 27, 'MATTHEW', 'WALSH', 6, 'M');
INSERT INTO `runners` VALUES (502, 27, 'CLARA', 'WAWRZYN', 7, 'F');
INSERT INTO `runners` VALUES (503, 27, 'NED', 'WAWRZYN', 8, 'M');
INSERT INTO `runners` VALUES (504, 27, 'HARRISON', 'WEBER', 7, 'M');
INSERT INTO `runners` VALUES (505, 27, 'ISABELLA', 'ZIMMER', 5, 'F');
INSERT INTO `runners` VALUES (506, 27, 'SEBASTIAN', 'ZIMMER', 7, 'M');
INSERT INTO `runners` VALUES (507, 8, 'JOEY', 'BRUNO', 4, 'M');
INSERT INTO `runners` VALUES (508, 8, 'MAGGIE', 'CLARKE', 7, 'F');
INSERT INTO `runners` VALUES (509, 8, 'CATIE', 'CLARKE', 5, 'F');
INSERT INTO `runners` VALUES (510, 8, 'HANA', 'DEMPSEY', 8, 'F');
INSERT INTO `runners` VALUES (511, 8, 'PETER', 'DEMPSEY', 4, 'M');
INSERT INTO `runners` VALUES (512, 8, 'SHANNON', 'WALSH', 6, 'F');
INSERT INTO `runners` VALUES (513, 8, 'MIA', 'BERGSTROM', 5, 'F');
INSERT INTO `runners` VALUES (514, 8, 'JOY', 'BERGSTROM', 7, 'F');
INSERT INTO `runners` VALUES (515, 8, 'PAIGE', 'NATINDUM', 6, 'F');
INSERT INTO `runners` VALUES (516, 8, 'MICHAEL', 'PIAGARI', 5, 'M');
INSERT INTO `runners` VALUES (517, 8, 'PATRICK', 'BURNS', 8, 'M');
INSERT INTO `runners` VALUES (518, 8, 'SEAN', 'BURNS', 6, 'M');
INSERT INTO `runners` VALUES (519, 8, 'NICK', 'CORTESE', 8, 'M');
INSERT INTO `runners` VALUES (520, 8, 'ALEXIS', 'TOMLIN', 7, 'F');
INSERT INTO `runners` VALUES (521, 8, 'KEVIN', 'SLAWACKI', 8, 'M');
INSERT INTO `runners` VALUES (522, 8, 'KINGA', 'SLAWACKI', 6, 'F');
INSERT INTO `runners` VALUES (523, 8, 'ISABELLA', 'SOKOL', 6, 'F');
INSERT INTO `runners` VALUES (524, 8, 'ELLA', 'MARTINEZ', 5, 'F');
INSERT INTO `runners` VALUES (525, 8, 'CADEN', 'DELBOCCIO', 5, 'M');
INSERT INTO `runners` VALUES (526, 17, 'JACKSON', 'HALLIGAN', 5, 'M');
INSERT INTO `runners` VALUES (527, 17, 'MICHAEL', 'SMORON', 5, 'M');
INSERT INTO `runners` VALUES (528, 17, 'MADISON', 'TERRANOVA', 5, 'F');
INSERT INTO `runners` VALUES (529, 17, 'JACOB', 'BONNET', 6, 'M');
INSERT INTO `runners` VALUES (530, 17, 'SAM', 'MANAOIS', 6, 'M');
INSERT INTO `runners` VALUES (531, 17, 'MICHAEL', 'SBAROUNIS', 6, 'M');
INSERT INTO `runners` VALUES (532, 17, 'PATRICK', 'KUMM', 7, 'M');
INSERT INTO `runners` VALUES (533, 17, 'ADAM', 'TERSTEEG', 7, 'M');
INSERT INTO `runners` VALUES (534, 17, 'BRIAN', 'PASCENTE', 7, 'M');
INSERT INTO `runners` VALUES (535, 17, 'EMMAN', 'LLAUDERES', 7, 'M');
INSERT INTO `runners` VALUES (536, 17, 'JUSTIN', 'BRZESKI', 7, 'M');
INSERT INTO `runners` VALUES (537, 17, 'JOSH', 'CALI', 8, 'M');
INSERT INTO `runners` VALUES (538, 37, 'CONNOR', 'CAMRIA', 5, 'M');
INSERT INTO `runners` VALUES (539, 37, 'ANTHONY', 'CAMBRIA', 5, 'M');
INSERT INTO `runners` VALUES (540, 37, 'GABE', 'CHERWIN', 5, 'M');
INSERT INTO `runners` VALUES (541, 37, 'JIMMY', 'HALL', 6, 'M');
INSERT INTO `runners` VALUES (542, 37, 'COLIN', 'KOCHERA', 6, 'M');
INSERT INTO `runners` VALUES (543, 37, 'PHIL', 'MARTIRE', 6, 'M');
INSERT INTO `runners` VALUES (544, 37, 'ANDREW', 'MCKENNA', 6, 'M');
INSERT INTO `runners` VALUES (545, 37, 'TY', 'PAINE', 5, 'M');
INSERT INTO `runners` VALUES (546, 37, 'BEN', 'PETERMANN', 5, 'M');
INSERT INTO `runners` VALUES (547, 37, 'LUKE', 'PETERSON', 6, 'M');
INSERT INTO `runners` VALUES (548, 37, 'DANNY', 'QUICK', 6, 'M');
INSERT INTO `runners` VALUES (549, 37, 'DREW', 'UTECH', 6, 'M');
INSERT INTO `runners` VALUES (550, 37, 'CONNOR', 'FLYNN', 8, 'M');
INSERT INTO `runners` VALUES (551, 37, 'MOLLY', 'CRAIG', 6, 'F');
INSERT INTO `runners` VALUES (552, 37, 'SARAH', 'FIRESTONE', 6, 'F');
INSERT INTO `runners` VALUES (553, 37, 'CELINE', 'GAUTHIER', 5, 'F');
INSERT INTO `runners` VALUES (554, 37, 'ADDY', 'GIERSTORF', 5, 'F');
INSERT INTO `runners` VALUES (555, 37, 'MICHAELA', 'JACKMAN', 5, 'F');
INSERT INTO `runners` VALUES (556, 37, 'MAEVE', 'MARTIN', 6, 'F');
INSERT INTO `runners` VALUES (557, 37, 'OLIVIA', 'GAUTHIER', 8, 'F');
INSERT INTO `runners` VALUES (558, 37, 'EMILY', 'ROMANACCE', 5, 'F');
INSERT INTO `runners` VALUES (559, 37, 'RENATA', 'SANTINELLO', 5, 'F');
INSERT INTO `runners` VALUES (560, 37, 'MADELINE', 'TO', 5, 'F');
INSERT INTO `runners` VALUES (561, 37, 'CADEN', 'GIERSTORF', 8, 'M');
INSERT INTO `runners` VALUES (562, 37, 'AIDAN', 'HARRINGTON', 8, 'M');
INSERT INTO `runners` VALUES (563, 37, 'NATHAN', 'KOCHERA', 8, 'M');
INSERT INTO `runners` VALUES (564, 37, 'DEVIN', 'SANTINELLO', 8, 'M');
INSERT INTO `runners` VALUES (565, 37, 'AVELYN', 'BELTRAN', 8, 'F');
INSERT INTO `runners` VALUES (566, 37, 'MARYKATE', 'CAMBRIA', 8, 'F');
INSERT INTO `runners` VALUES (568, 15, 'PETER', 'ARMSTRONG', 5, 'M');
INSERT INTO `runners` VALUES (569, 15, 'ANDREW', 'AUGUSTINE', 6, 'M');
INSERT INTO `runners` VALUES (570, 15, 'NOAH', 'BEALS', 3, 'M');
INSERT INTO `runners` VALUES (571, 15, 'DAMARIS', 'BENZAR', 3, 'F');
INSERT INTO `runners` VALUES (572, 15, 'ZAWADI', 'BROWN', 6, 'F');
INSERT INTO `runners` VALUES (573, 15, 'AUDREY', 'CHIZZO', 4, 'F');
INSERT INTO `runners` VALUES (574, 15, 'ANNE', 'CLAUD', 4, 'F');
INSERT INTO `runners` VALUES (575, 15, 'MORGAN', 'DALY', 4, 'F');
INSERT INTO `runners` VALUES (576, 15, 'VICTOR', 'DIANOVSKY', 7, 'M');
INSERT INTO `runners` VALUES (577, 15, 'FINCHER', 'DOUMA', 7, 'F');
INSERT INTO `runners` VALUES (578, 15, 'REMKE', 'DOUMA', 3, 'M');
INSERT INTO `runners` VALUES (579, 15, 'PAXTON', 'FERENCAK', 8, 'M');
INSERT INTO `runners` VALUES (580, 15, 'JESSICA', 'HOFFMAN', 8, 'F');
INSERT INTO `runners` VALUES (581, 15, 'JACOB', 'HOFFMAN', 4, 'M');
INSERT INTO `runners` VALUES (582, 15, 'CALEB', 'HOGAN', 4, 'M');
INSERT INTO `runners` VALUES (583, 15, 'RYAN', 'KOEHNE', 3, 'M');
INSERT INTO `runners` VALUES (584, 15, 'AVA', 'MASSMANN', 7, 'F');
INSERT INTO `runners` VALUES (585, 15, 'JOSEPH', 'MILLER', 6, 'M');
INSERT INTO `runners` VALUES (586, 15, 'HARRY', 'NIERMANN', 5, 'M');
INSERT INTO `runners` VALUES (587, 15, 'HAILEY', 'POLLOM', 3, 'F');
INSERT INTO `runners` VALUES (588, 15, 'STEPHEN', 'RODER', 7, 'M');
INSERT INTO `runners` VALUES (589, 15, 'ANNA', 'SCHOLTENS', 5, 'F');
INSERT INTO `runners` VALUES (590, 15, 'ELLISA', 'SCHOLTENS', 3, 'F');
INSERT INTO `runners` VALUES (591, 15, 'KOKO', 'SHAW', 4, 'F');
INSERT INTO `runners` VALUES (592, 15, 'KYLE', 'STEINER', 6, 'M');
INSERT INTO `runners` VALUES (593, 15, 'MADISON', 'STEWART', 3, 'F');
INSERT INTO `runners` VALUES (594, 15, 'CAMERON', 'SUMMERS', 3, 'M');
INSERT INTO `runners` VALUES (595, 15, 'AALIYAH', 'THURMAN', 5, 'F');
INSERT INTO `runners` VALUES (596, 15, 'JONATHAN', 'TOMINAC', 8, 'M');
INSERT INTO `runners` VALUES (597, 15, 'MADELYN', 'VIRZI', 6, 'F');
INSERT INTO `runners` VALUES (598, 15, 'NICOLE', 'VIRZI', 8, 'F');
INSERT INTO `runners` VALUES (599, 15, 'GAVIN', 'WEAVER', 6, 'M');
INSERT INTO `runners` VALUES (600, 15, 'MATTIAS', 'STREUFERT-WOLD', 5, 'M');
INSERT INTO `runners` VALUES (601, 15, 'TORI', 'THOMAS', 6, 'F');
INSERT INTO `runners` VALUES (602, 15, 'BLYTHE', 'BALOCK', 3, 'F');
INSERT INTO `runners` VALUES (603, 15, 'ANDREW', 'COSTELLO', 3, 'M');
INSERT INTO `runners` VALUES (604, 34, 'HENRY', 'COLEMAN', 8, 'M');
INSERT INTO `runners` VALUES (605, 34, 'FRANCES', 'HUTCHISON', 8, 'F');
INSERT INTO `runners` VALUES (606, 34, 'MARIANNE', 'MIHAS', 8, 'F');
INSERT INTO `runners` VALUES (607, 34, 'CHARLOTTE', 'OTOOLE', 8, 'F');
INSERT INTO `runners` VALUES (608, 34, 'PRITZKER', 'TEDDI', 8, 'F');
INSERT INTO `runners` VALUES (609, 34, 'NOAH', 'REESE CLAUSON', 8, 'M');
INSERT INTO `runners` VALUES (610, 34, 'MATTHEW', 'SHRAKE', 8, 'M');
INSERT INTO `runners` VALUES (611, 34, 'LYNDON', 'TAYLOR II', 8, 'M');
INSERT INTO `runners` VALUES (612, 34, 'ALYSSA', 'TAYLOR', 8, 'F');
INSERT INTO `runners` VALUES (613, 34, 'WILLIAM', 'THAKUR', 8, 'M');
INSERT INTO `runners` VALUES (614, 34, 'WILL', 'BENFORD', 7, 'M');
INSERT INTO `runners` VALUES (615, 34, 'MCKENNA', 'FELLOWS', 7, 'F');
INSERT INTO `runners` VALUES (616, 34, 'RYAN', 'HARDIMAN', 7, 'M');
INSERT INTO `runners` VALUES (617, 34, 'AVA', 'PAREKH', 7, 'F');
INSERT INTO `runners` VALUES (618, 34, 'NOLAN', 'TROTTER', 7, 'M');
INSERT INTO `runners` VALUES (619, 34, 'HARRY', 'WOOD PRINCE', 7, 'M');
INSERT INTO `runners` VALUES (620, 34, 'WILLIAM', 'BREMEN', 6, 'M');
INSERT INTO `runners` VALUES (621, 34, 'FRANCE', 'CARTER', 6, 'M');
INSERT INTO `runners` VALUES (622, 34, 'CHARLES', 'COLEMAN', 6, 'M');
INSERT INTO `runners` VALUES (623, 34, 'EVE', 'DARKE', 6, 'F');
INSERT INTO `runners` VALUES (624, 34, 'WILL', 'DEL HIERRO', 6, 'M');
INSERT INTO `runners` VALUES (625, 34, 'TERRELL', 'JOHNSON', 6, 'M');
INSERT INTO `runners` VALUES (626, 34, 'MATTHEW', 'KOTCHER', 6, 'M');
INSERT INTO `runners` VALUES (627, 34, 'WESLEY', 'MCMILLAN', 6, 'M');
INSERT INTO `runners` VALUES (628, 34, 'AKILI', 'PAREKH', 6, 'M');
INSERT INTO `runners` VALUES (629, 34, 'ARMAAN', 'SHAH', 6, 'M');
INSERT INTO `runners` VALUES (630, 34, 'PATRICK', 'SHRAKE', 6, 'M');
INSERT INTO `runners` VALUES (631, 34, 'MADISON', 'VANDERBILT', 6, 'F');
INSERT INTO `runners` VALUES (632, 34, 'GRANT', 'YESSENOW', 6, 'M');
INSERT INTO `runners` VALUES (633, 34, 'REESE', 'BENFORD', 5, 'F');
INSERT INTO `runners` VALUES (634, 34, 'KAYA', 'BHANDARI', 5, 'F');
INSERT INTO `runners` VALUES (635, 34, 'MIA', 'BIANCO', 5, 'F');
INSERT INTO `runners` VALUES (636, 34, 'FIONA', 'OTOOLE', 5, 'F');
INSERT INTO `runners` VALUES (637, 34, 'ASHER', 'PATENT', 5, 'M');
INSERT INTO `runners` VALUES (638, 34, 'MICHAELA', 'TEWELES', 5, 'F');
INSERT INTO `runners` VALUES (639, 34, 'EDWARD', 'WEGNER', 5, 'M');
INSERT INTO `runners` VALUES (640, 37, 'MICHAEL', 'LOUISE', 6, 'M');
INSERT INTO `runners` VALUES (641, 10, 'REMY', 'JANKUSKY', 8, 'M');
INSERT INTO `runners` VALUES (642, 10, 'ANDREW', 'HAMILTON', 7, 'M');
INSERT INTO `runners` VALUES (643, 10, 'WILLIAM', 'HAMILTON', 7, 'M');
INSERT INTO `runners` VALUES (644, 10, 'SHOUN', 'GEORGE', 8, 'M');
INSERT INTO `runners` VALUES (645, 10, 'MATT', 'BLADOW', 8, 'M');
INSERT INTO `runners` VALUES (646, 10, 'JACOB', 'LUNDSTROM', 6, 'M');
INSERT INTO `runners` VALUES (647, 10, 'CHUKA', 'IBE', 6, 'M');
INSERT INTO `runners` VALUES (648, 10, 'JOSH', 'OGIBA', 6, 'M');
INSERT INTO `runners` VALUES (649, 10, 'ALEX', 'SULEWSKI', 6, 'M');
INSERT INTO `runners` VALUES (650, 10, 'JOSH', 'KISS', 6, 'M');
INSERT INTO `runners` VALUES (651, 10, 'JAMES', 'SHAFFER', 6, 'M');
INSERT INTO `runners` VALUES (652, 10, 'SAM', 'WEHLING', 6, 'M');
INSERT INTO `runners` VALUES (653, 10, 'JAKE', 'KING', 6, 'M');
INSERT INTO `runners` VALUES (654, 10, 'DANNY', 'ZEBELL', 6, 'M');
INSERT INTO `runners` VALUES (655, 9, 'JOSH', 'KILWORTH', 6, 'M');
INSERT INTO `runners` VALUES (656, 25, 'MORGAN', 'HASLOW', 5, 'F');
INSERT INTO `runners` VALUES (657, 25, 'ETHAN', 'HASLOW', 7, 'M');
INSERT INTO `runners` VALUES (658, 25, 'ANDREW', 'MURDOCK', 7, 'M');
INSERT INTO `runners` VALUES (659, 25, 'SARAH', 'PUSHPARAJ', 8, 'F');
INSERT INTO `runners` VALUES (660, 25, 'LIAM', 'SHANNON', 6, 'M');
INSERT INTO `runners` VALUES (661, 25, 'ZACH', 'GAST', 7, 'M');
INSERT INTO `runners` VALUES (662, 25, 'JAMES', 'KOY', 6, 'M');
INSERT INTO `runners` VALUES (663, 25, 'BEN', 'FEJER', 8, 'M');
INSERT INTO `runners` VALUES (664, 13, 'ELENA', 'BARBARIC', 8, 'F');
INSERT INTO `runners` VALUES (665, 13, 'JAYNE', 'BOTTARINI', 8, 'F');
INSERT INTO `runners` VALUES (666, 13, 'ANNIKA', 'ERICKSON', 8, 'F');
INSERT INTO `runners` VALUES (667, 13, 'ANNA', 'GAINULIN', 8, 'F');
INSERT INTO `runners` VALUES (668, 13, 'KATHERINE', 'JONES', 8, 'F');
INSERT INTO `runners` VALUES (669, 13, 'SOPHIA', 'LIMBERAKIS', 8, 'F');
INSERT INTO `runners` VALUES (670, 13, 'GRACE', 'MARTIN', 8, 'F');
INSERT INTO `runners` VALUES (671, 13, 'LYDIA', 'ORTA', 8, 'F');
INSERT INTO `runners` VALUES (672, 13, 'CHLOE', 'SANTILLAN', 8, 'F');
INSERT INTO `runners` VALUES (673, 13, 'KATHERINE', 'ARMSEY', 7, 'F');
INSERT INTO `runners` VALUES (674, 13, 'FRANCES', 'BAJORAT', 7, 'F');
INSERT INTO `runners` VALUES (675, 13, 'RIA', 'BASU', 7, 'F');
INSERT INTO `runners` VALUES (676, 13, 'ELIZABETH', 'DAVENPORT', 7, 'F');
INSERT INTO `runners` VALUES (677, 13, 'TAYLOR', 'DECOOK', 7, 'F');
INSERT INTO `runners` VALUES (678, 13, 'ISABELA', 'ERFORT', 7, 'F');
INSERT INTO `runners` VALUES (679, 13, 'ALIYAH', 'GAMBOA', 7, 'F');
INSERT INTO `runners` VALUES (680, 13, 'CLAIRE', 'GRASSE', 7, 'F');
INSERT INTO `runners` VALUES (681, 13, 'RACHEL', 'KEIL', 7, 'F');
INSERT INTO `runners` VALUES (682, 13, 'MARGARET', 'LENNON', 7, 'F');
INSERT INTO `runners` VALUES (683, 13, 'LAUREN', 'SCHIELE', 7, 'F');
INSERT INTO `runners` VALUES (684, 13, 'ALLIE', 'SOUKUP', 7, 'F');
INSERT INTO `runners` VALUES (685, 13, 'MOLLY', 'TAVARES', 7, 'F');
INSERT INTO `runners` VALUES (686, 13, 'NORA', 'WAGNER', 7, 'F');
INSERT INTO `runners` VALUES (687, 13, 'MARINA', 'LESNIAK', 6, 'F');
INSERT INTO `runners` VALUES (688, 13, 'MIA', 'DONOFRIO', 6, 'F');
INSERT INTO `runners` VALUES (689, 13, 'HAILEY', 'ERICKSON', 6, 'F');
INSERT INTO `runners` VALUES (690, 13, 'VALERIA', 'HERNANDEZ', 6, 'F');
INSERT INTO `runners` VALUES (691, 13, 'ISABELLE', 'KLICKER', 6, 'F');
INSERT INTO `runners` VALUES (692, 13, 'KATHERINE', 'KLICKER', 6, 'F');
INSERT INTO `runners` VALUES (693, 13, 'ZOE', 'KLICKER', 6, 'F');
INSERT INTO `runners` VALUES (694, 13, 'COLETTE', 'LAMPA', 6, 'F');
INSERT INTO `runners` VALUES (695, 13, 'KATHERINE', 'LYTLE', 6, 'F');
INSERT INTO `runners` VALUES (696, 13, 'RACHEL', 'MEILINGER', 6, 'F');
INSERT INTO `runners` VALUES (697, 13, 'LAUREN', 'NAUNHEIMER', 6, 'F');
INSERT INTO `runners` VALUES (698, 13, 'PAIGE', 'PINTO', 6, 'F');
INSERT INTO `runners` VALUES (699, 13, 'REGAN', 'RECKLAUS', 6, 'F');
INSERT INTO `runners` VALUES (700, 13, 'ALEXANDRA', 'UEMURA', 6, 'F');
INSERT INTO `runners` VALUES (701, 13, 'KATE', 'WOODLAND', 6, 'F');
INSERT INTO `runners` VALUES (702, 13, 'HANNAH', 'ZILEWICZ', 6, 'F');
INSERT INTO `runners` VALUES (703, 13, 'KATE', 'SEYER', 6, 'F');
INSERT INTO `runners` VALUES (704, 13, 'CAMERON', 'KALLOWAY', 6, 'F');
INSERT INTO `runners` VALUES (705, 13, 'LUCIANA', 'ORTA', 6, 'F');
INSERT INTO `runners` VALUES (706, 13, 'DANIEL', 'BARBARIC', 6, 'M');
INSERT INTO `runners` VALUES (707, 13, 'JACK', 'BERMAN', 6, 'M');
INSERT INTO `runners` VALUES (708, 13, 'ADAM', 'BOESEN', 6, 'M');
INSERT INTO `runners` VALUES (709, 13, 'JOSHUA', 'BOTTARINI', 6, 'M');
INSERT INTO `runners` VALUES (710, 13, 'JACK', 'CACCIABONDO', 6, 'M');
INSERT INTO `runners` VALUES (711, 13, 'DYLAN', 'CHUNG', 6, 'M');
INSERT INTO `runners` VALUES (712, 13, 'MATTHEW', 'COFFEY', 6, 'M');
INSERT INTO `runners` VALUES (713, 13, 'TYLER', 'ERICKSON', 6, 'M');
INSERT INTO `runners` VALUES (714, 13, 'WILSON', 'ESPINO', 6, 'M');
INSERT INTO `runners` VALUES (715, 13, 'ALEXANDER', 'GARLING', 6, 'M');
INSERT INTO `runners` VALUES (716, 13, 'AIDAN', 'KAST', 6, 'M');
INSERT INTO `runners` VALUES (717, 13, 'ADAM', 'KOURY', 6, 'M');
INSERT INTO `runners` VALUES (718, 13, 'JEREMY', 'LEIGH', 6, 'M');
INSERT INTO `runners` VALUES (719, 13, 'MATTHEW', 'MELACHRINAKIS', 6, 'M');
INSERT INTO `runners` VALUES (720, 13, 'JACK', 'MURPHY', 6, 'M');
INSERT INTO `runners` VALUES (721, 13, 'AIDAN', 'ORLANDO', 6, 'M');
INSERT INTO `runners` VALUES (722, 13, 'STEPHEN', 'SCHIELE', 6, 'M');
INSERT INTO `runners` VALUES (723, 13, 'NATHANIEL', 'SCHWITZENBERG', 6, 'M');
INSERT INTO `runners` VALUES (724, 13, 'MATTHEW', 'SOEHN', 6, 'M');
INSERT INTO `runners` VALUES (725, 13, 'BRAEDEN', 'TOWLE', 6, 'M');
INSERT INTO `runners` VALUES (726, 13, 'TYLER', 'WENGRONOWITZ', 6, 'M');
INSERT INTO `runners` VALUES (727, 13, 'LUCAS', 'WITTENBORN', 6, 'M');
INSERT INTO `runners` VALUES (728, 13, 'NATHAN', 'MARCOPOULOS', 6, 'M');
INSERT INTO `runners` VALUES (729, 13, 'SEAN', 'BEIHOFFER', 7, 'M');
INSERT INTO `runners` VALUES (730, 13, 'ALAN', 'CACCIABONDO', 7, 'M');
INSERT INTO `runners` VALUES (731, 13, 'MICHAEL', 'CAMPBELL', 7, 'M');
INSERT INTO `runners` VALUES (732, 13, 'CHARLES', 'COON', 7, 'M');
INSERT INTO `runners` VALUES (733, 13, 'CHRISTIAN', 'FERGUSON', 7, 'M');
INSERT INTO `runners` VALUES (734, 13, 'DEMETRI', 'FRANGIADAKIS', 7, 'M');
INSERT INTO `runners` VALUES (735, 13, 'NICHOLAS', 'GALVAN', 7, 'M');
INSERT INTO `runners` VALUES (736, 13, 'LOGAN', 'HINCHEY', 7, 'M');
INSERT INTO `runners` VALUES (737, 13, 'JACK', 'INGEMUNSON', 7, 'M');
INSERT INTO `runners` VALUES (738, 13, 'TUCKER', 'KLANCNIK', 7, 'M');
INSERT INTO `runners` VALUES (739, 13, 'MORGAN', 'KNIGHT', 7, 'M');
INSERT INTO `runners` VALUES (740, 13, 'NATHAN', 'KULAK', 7, 'M');
INSERT INTO `runners` VALUES (741, 13, 'MATTHEW', 'LAMPA', 7, 'M');
INSERT INTO `runners` VALUES (742, 13, 'ALEXANDER', 'MARCHETTI', 7, 'M');
INSERT INTO `runners` VALUES (743, 13, 'COLE', 'MARTIN', 7, 'M');
INSERT INTO `runners` VALUES (744, 13, 'JACOB', 'MYDLINSKI', 7, 'M');
INSERT INTO `runners` VALUES (745, 13, 'TAKAFUMI', 'NAKANO', 7, 'M');
INSERT INTO `runners` VALUES (746, 13, 'THOMAS', 'NELLIS', 7, 'M');
INSERT INTO `runners` VALUES (747, 13, 'LUKAS', 'PAISLEY', 7, 'M');
INSERT INTO `runners` VALUES (748, 13, 'MATTHEW', 'RAITANO', 7, 'M');
INSERT INTO `runners` VALUES (749, 13, 'CARTER', 'WACHTEL', 7, 'M');
INSERT INTO `runners` VALUES (750, 13, 'OWEN', 'WALTER', 7, 'M');
INSERT INTO `runners` VALUES (751, 13, 'STEPHEN', 'BARRETTO', 8, 'M');
INSERT INTO `runners` VALUES (752, 13, 'MATTHEW', 'BROOKS', 8, 'M');
INSERT INTO `runners` VALUES (753, 13, 'LUKE', 'DUFFER', 8, 'M');
INSERT INTO `runners` VALUES (754, 13, 'DAVID', 'GUZA', 8, 'M');
INSERT INTO `runners` VALUES (755, 13, 'ZACHARY', 'KURKA', 8, 'M');
INSERT INTO `runners` VALUES (756, 13, 'MATTHEW', 'LENNON', 8, 'M');
INSERT INTO `runners` VALUES (757, 13, 'NOAH', 'MARX', 8, 'M');
INSERT INTO `runners` VALUES (758, 13, 'JOSHUA', 'MELACHRINAKIS', 8, 'M');
INSERT INTO `runners` VALUES (759, 13, 'MICHAEL', 'OKEEFFE', 8, 'M');
INSERT INTO `runners` VALUES (760, 13, 'ALEX', 'ORZECHOWSKI', 8, 'M');
INSERT INTO `runners` VALUES (761, 13, 'JACK', 'PAWLIK', 8, 'M');
INSERT INTO `runners` VALUES (762, 13, 'MICHAEL', 'SIAVELIS', 8, 'M');
INSERT INTO `runners` VALUES (763, 13, 'NATHAN', 'SILVERMAN', 8, 'M');
INSERT INTO `runners` VALUES (764, 13, 'NICOLAS', 'SQUILLACIOTI', 8, 'M');
INSERT INTO `runners` VALUES (765, 13, 'KEVIN', 'STOKES', 8, 'M');
INSERT INTO `runners` VALUES (766, 13, 'MARCO', 'VERA', 8, 'M');
INSERT INTO `runners` VALUES (767, 13, 'ALAN', 'WAKIKATA', 8, 'M');
INSERT INTO `runners` VALUES (768, 13, 'ARMUELDO', 'DOMINGUEZ', 8, 'M');
INSERT INTO `runners` VALUES (769, 13, 'CHASE', 'LARSON', 8, 'M');
INSERT INTO `runners` VALUES (770, 13, 'LIAM', 'RYAN', 8, 'M');
INSERT INTO `runners` VALUES (771, 13, 'ETHAN', 'KAKAVETSIS', 8, 'M');
INSERT INTO `runners` VALUES (772, 22, 'DANNY', 'MCKENNA', 8, 'M');
INSERT INTO `runners` VALUES (773, 22, 'TOMMY', 'MCGUIRE', 7, 'M');
INSERT INTO `runners` VALUES (774, 22, 'TJ', 'GARLAND', 7, 'M');
INSERT INTO `runners` VALUES (775, 22, 'CHARLIE', 'BULLOCK', 7, 'M');
INSERT INTO `runners` VALUES (776, 22, 'JILIAN', 'SAWADSKI', 6, 'F');
INSERT INTO `runners` VALUES (777, 22, 'ROCCO', 'FALLS', 6, 'M');
INSERT INTO `runners` VALUES (779, 22, 'KEVIN', 'OCHAB', 6, 'M');
INSERT INTO `runners` VALUES (780, 22, 'EMILY', 'HENNIG', 7, 'F');
INSERT INTO `runners` VALUES (781, 22, 'REESE', 'LETTOW', 8, 'F');
INSERT INTO `runners` VALUES (782, 22, 'SAM', 'CARRICO', 7, 'M');
INSERT INTO `runners` VALUES (783, 22, 'JON', 'ZIEMIANIN', 7, 'M');
INSERT INTO `runners` VALUES (784, 22, 'EMILY', 'NEUGEBAUER', 8, 'F');
INSERT INTO `runners` VALUES (785, 22, 'RORY', 'WHETSTONE', 7, 'F');
INSERT INTO `runners` VALUES (786, 22, 'KEVIN', 'CANTIERI', 8, 'M');
INSERT INTO `runners` VALUES (787, 36, 'GABE', 'RISNER', 7, 'M');
INSERT INTO `runners` VALUES (788, 36, 'ADDISON', 'RISNER', 5, 'F');
INSERT INTO `runners` VALUES (789, 36, 'ASHTON', 'PROCTOR', 5, 'F');
INSERT INTO `runners` VALUES (790, 36, 'MICHAEL', 'NIETZEL', 4, 'M');
INSERT INTO `runners` VALUES (791, 36, 'IZZY', 'GRAY', 5, 'F');
INSERT INTO `runners` VALUES (792, 36, 'LOGAN', 'MUENCH', 4, 'M');
INSERT INTO `runners` VALUES (793, 36, 'EVAN', 'GILLELAND', 5, 'M');
INSERT INTO `runners` VALUES (794, 36, 'WILL', 'DAVIES', 7, 'M');
INSERT INTO `runners` VALUES (795, 36, 'ELANI', 'NANOS', 7, 'F');
INSERT INTO `runners` VALUES (796, 36, 'AIDEN', 'SHULFER', 5, 'M');
INSERT INTO `runners` VALUES (797, 36, 'KIERSTEN', 'SHULFER', 4, 'F');
INSERT INTO `runners` VALUES (798, 36, 'LUKE', 'NEIDER', 5, 'M');
INSERT INTO `runners` VALUES (799, 36, 'ALI', 'STORZ', 5, 'F');
INSERT INTO `runners` VALUES (800, 36, 'EVE', 'TONYAN', 4, 'F');
INSERT INTO `runners` VALUES (801, 36, 'SKYLER', 'COCHRAN', 7, 'M');
INSERT INTO `runners` VALUES (802, 36, 'SOPHIE', 'ROBINSON', 7, 'F');
INSERT INTO `runners` VALUES (803, 36, 'GRANT', 'JOHNSON', 5, 'M');
INSERT INTO `runners` VALUES (804, 26, 'LAUREN', 'TIEMANN', 8, 'F');
INSERT INTO `runners` VALUES (805, 26, 'EVIE', 'TSOKOLAS', 8, 'F');
INSERT INTO `runners` VALUES (806, 26, 'GABRIELLE', 'WALKER', 5, 'F');
INSERT INTO `runners` VALUES (807, 36, 'JOSIE', 'MILLER', 5, 'F');
INSERT INTO `runners` VALUES (808, 26, 'EMILY', 'OWENS', 6, 'F');
INSERT INTO `runners` VALUES (809, 26, 'LEAH', 'POORMAN', 8, 'F');
INSERT INTO `runners` VALUES (810, 26, 'GRANT', 'POORMAN', 3, 'M');
INSERT INTO `runners` VALUES (811, 26, 'LUCAS', 'POORMAN', 5, 'M');
INSERT INTO `runners` VALUES (812, 26, 'BO', 'OWEN', 6, 'M');
INSERT INTO `runners` VALUES (813, 26, 'HAYDEN', 'RADOMSKI', 6, 'M');
INSERT INTO `runners` VALUES (814, 26, 'ANDERS', 'DEGENSKE', 6, 'M');
INSERT INTO `runners` VALUES (815, 26, 'OWEN', 'KYHL', 6, 'M');
INSERT INTO `runners` VALUES (816, 26, 'CARLIN', 'KYHL', 8, 'M');
INSERT INTO `runners` VALUES (817, 26, 'SCOTTY', 'DEAN', 8, 'M');
INSERT INTO `runners` VALUES (818, 26, 'LUKE', 'HUFF', 8, 'M');
INSERT INTO `runners` VALUES (819, 26, 'JACK', 'GRISKO', 5, 'M');
INSERT INTO `runners` VALUES (820, 26, 'HENRY', 'GILBERT', 7, 'M');
INSERT INTO `runners` VALUES (821, 26, 'MYLES', 'MOBARAK', 7, 'M');
INSERT INTO `runners` VALUES (822, 26, 'MYLES', 'THORPE', 7, 'M');
INSERT INTO `runners` VALUES (823, 20, 'KYLE', 'STROM', 7, 'M');
INSERT INTO `runners` VALUES (824, 20, 'AAILYAH', 'EVANS', 8, 'F');
INSERT INTO `runners` VALUES (825, 20, 'ANNA', 'HINTZ', 8, 'F');
INSERT INTO `runners` VALUES (826, 20, 'AVA', 'MILTZ', 8, 'F');
INSERT INTO `runners` VALUES (827, 20, 'JENNA', 'VOGT', 7, 'F');
INSERT INTO `runners` VALUES (828, 20, 'LUKE', 'BAHN', 6, 'M');
INSERT INTO `runners` VALUES (829, 20, 'JO JO', 'HINTZ', 6, 'M');
INSERT INTO `runners` VALUES (830, 20, 'NICHOLAS', 'MARTINEZ', 5, 'M');
INSERT INTO `runners` VALUES (831, 20, 'ANTHONY', 'RUSCITTI', 6, 'M');
INSERT INTO `runners` VALUES (832, 20, 'JOSH', 'SHAMBO', 5, 'M');
INSERT INTO `runners` VALUES (833, 20, 'KIARA', 'EVANS', 5, 'F');
INSERT INTO `runners` VALUES (834, 20, 'LYLA', 'MILTZ', 5, 'F');
INSERT INTO `runners` VALUES (835, 22, 'WALLY', 'RATZKI', 7, 'M');
INSERT INTO `runners` VALUES (836, 21, 'JANE', 'STEFANIAK', 6, 'F');
INSERT INTO `runners` VALUES (837, 21, 'KATIE', 'OBRIEN', 8, 'F');
INSERT INTO `runners` VALUES (838, 21, 'SAMANTHA', 'MENELY', 8, 'F');
INSERT INTO `runners` VALUES (839, 21, 'JENNA', 'SANDERS', 6, 'F');
INSERT INTO `runners` VALUES (840, 21, 'KATIE', 'KRAUSE', 7, 'F');
INSERT INTO `runners` VALUES (841, 21, 'ASHLEY', 'LINSCOTT', 6, 'F');
INSERT INTO `runners` VALUES (842, 21, 'MICHAELA', 'DONOVAN', 8, 'F');
INSERT INTO `runners` VALUES (843, 21, 'EMILIA', 'JEDRYKA', 7, 'F');
INSERT INTO `runners` VALUES (844, 21, 'RENEE', 'SKIERA', 6, 'F');
INSERT INTO `runners` VALUES (845, 21, 'RYANE', 'ENGEL', 6, 'F');
INSERT INTO `runners` VALUES (846, 21, 'BRIDGET', 'REYNOLDS', 8, 'F');
INSERT INTO `runners` VALUES (847, 21, 'ANNICA', 'GERSTUNG', 8, 'F');
INSERT INTO `runners` VALUES (848, 21, 'OLIVIA', 'MROWICKI', 8, 'F');
INSERT INTO `runners` VALUES (849, 21, 'MARY', 'OSULLIVAN', 8, 'F');
INSERT INTO `runners` VALUES (850, 21, 'AUDREY', 'COLE', 6, 'F');
INSERT INTO `runners` VALUES (851, 21, 'KATE', 'MULLER', 6, 'F');
INSERT INTO `runners` VALUES (852, 21, 'KATIE', 'RODRIGUEZ', 6, 'F');
INSERT INTO `runners` VALUES (853, 21, 'ABBY', 'THIESSEN', 6, 'F');
INSERT INTO `runners` VALUES (854, 21, 'SOPHIE', 'SMITHSON', 6, 'F');
INSERT INTO `runners` VALUES (855, 21, 'ANAYAH', 'MENZIESTHOMAS', 6, 'F');
INSERT INTO `runners` VALUES (856, 21, 'GISELLE', 'FRANCO', 6, 'F');
INSERT INTO `runners` VALUES (857, 21, 'ILA', 'NATHANSON', 7, 'F');
INSERT INTO `runners` VALUES (858, 21, 'DANI', 'MINDYKOWSKI', 7, 'F');
INSERT INTO `runners` VALUES (859, 21, 'HENRY', 'QUINN', 8, 'M');
INSERT INTO `runners` VALUES (860, 21, 'ETHAN', 'MARUNDE', 8, 'M');
INSERT INTO `runners` VALUES (861, 21, 'LUKE', 'LINSCOTT', 8, 'M');
INSERT INTO `runners` VALUES (862, 21, 'CONNOR', 'OILER', 7, 'M');
INSERT INTO `runners` VALUES (863, 21, 'CONNOR', 'THIESSEN', 8, 'M');
INSERT INTO `runners` VALUES (864, 21, 'JAKE', 'SANDERS', 8, 'M');
INSERT INTO `runners` VALUES (865, 21, 'SEAN', 'SAFFORD', 7, 'M');
INSERT INTO `runners` VALUES (866, 21, 'SEBI', 'DROZDOWSKI', 8, 'M');
INSERT INTO `runners` VALUES (867, 21, 'JACK', 'CONROY', 7, 'M');
INSERT INTO `runners` VALUES (868, 21, 'JACK', 'BANK', 6, 'M');
INSERT INTO `runners` VALUES (869, 21, 'KYLE', 'STEFANI', 8, 'M');
INSERT INTO `runners` VALUES (870, 21, 'KYLE', 'BENBOW', 8, 'M');
INSERT INTO `runners` VALUES (871, 21, 'PARKER', 'SENA', 7, 'M');
INSERT INTO `runners` VALUES (872, 21, 'TOMMY', 'TSIFTILLIS', 8, 'M');
INSERT INTO `runners` VALUES (873, 21, 'NICK', 'PARASKEVAS', 8, 'M');
INSERT INTO `runners` VALUES (874, 21, 'QUINN', 'BORN', 8, 'M');
INSERT INTO `runners` VALUES (875, 21, 'PATRICK', 'ROCKS', 7, 'M');
INSERT INTO `runners` VALUES (876, 21, 'CHRIS', 'STEFANI', 8, 'M');
INSERT INTO `runners` VALUES (877, 21, 'ETHAN', 'BLEASDALE', 7, 'M');
INSERT INTO `runners` VALUES (878, 21, 'JUSTIN', 'ADROWSKI', 6, 'M');
INSERT INTO `runners` VALUES (879, 21, 'BRETT', 'KERSEMEIER', 6, 'M');
INSERT INTO `runners` VALUES (880, 21, 'JOSEPH', 'FORSBERG', 6, 'M');
INSERT INTO `runners` VALUES (881, 21, 'TED', 'MILLER', 6, 'M');
INSERT INTO `runners` VALUES (882, 21, 'TYLER', 'LIEU', 6, 'M');
INSERT INTO `runners` VALUES (883, 21, 'JOSH', 'GROTE', 6, 'M');
INSERT INTO `runners` VALUES (884, 21, 'MICHAEL', 'KRAFTON', 6, 'M');
INSERT INTO `runners` VALUES (885, 21, 'WILL', 'SCHMIDT', 7, 'M');
INSERT INTO `runners` VALUES (886, 21, 'GARRETT', 'DOERING', 6, 'M');
INSERT INTO `runners` VALUES (887, 21, 'JADEN', 'PETERSON', 6, 'M');
INSERT INTO `runners` VALUES (888, 21, 'ANDRES', 'DIAZ', 7, 'M');
INSERT INTO `runners` VALUES (889, 21, 'ELIAS', 'AGUIRRE', 6, 'M');
INSERT INTO `runners` VALUES (890, 21, 'TOMMY', 'OSULLIVAN', 6, 'M');
INSERT INTO `runners` VALUES (891, 21, 'OWEN', 'WELLNER', 6, 'M');
INSERT INTO `runners` VALUES (892, 21, 'HARRY', 'GILLESPIE', 7, 'M');
INSERT INTO `runners` VALUES (893, 21, 'SCHMIDT', 'CHARLIE', 7, 'M');
INSERT INTO `runners` VALUES (894, 21, 'WILL', 'GABRIONE', 6, 'M');
INSERT INTO `runners` VALUES (895, 21, 'BEN', 'NORRIS', 6, 'M');
INSERT INTO `runners` VALUES (896, 21, 'JEREMIAH', 'GUIWARGIS', 6, 'M');
INSERT INTO `runners` VALUES (897, 21, 'KANE', 'SNYDER', 6, 'M');
INSERT INTO `runners` VALUES (898, 21, 'KARAN', 'SAINI', 6, 'M');
INSERT INTO `runners` VALUES (899, 21, 'JACK', 'FARRELL', 6, 'M');
INSERT INTO `runners` VALUES (900, 21, 'LUKE', 'CZERYBA', 6, 'M');
INSERT INTO `runners` VALUES (901, 21, 'CONOR', 'GIROUX', 6, 'M');
INSERT INTO `runners` VALUES (902, 21, 'JACK', 'KWOK', 6, 'M');
INSERT INTO `runners` VALUES (903, 21, 'ANUPAMA', 'ARVINA', 6, 'F');
INSERT INTO `runners` VALUES (904, 21, 'KYRA', 'HUTCHINSON', 6, 'F');
INSERT INTO `runners` VALUES (905, 21, 'ALLISON', 'LIIGSOO', 6, 'F');
INSERT INTO `runners` VALUES (906, 26, 'RAYMOND', 'OWENS', 7, 'M');
INSERT INTO `runners` VALUES (907, 21, 'CARTER', 'THOMPSON', 7, 'M');
INSERT INTO `runners` VALUES (908, 21, 'KYLE', 'GROTE', 6, 'M');
INSERT INTO `runners` VALUES (909, 21, 'DAN', 'MCCARTNEY', 6, 'M');
INSERT INTO `runners` VALUES (910, 21, 'CONNOR', 'NEILL', 6, 'M');
INSERT INTO `runners` VALUES (911, 21, 'ANTHONY', 'VARGAS', 6, 'M');
INSERT INTO `runners` VALUES (912, 10, 'COOPER', 'BREILER', 5, 'M');

-- --------------------------------------------------------

-- 
-- Table structure for table `schools`
-- 

CREATE TABLE IF NOT EXISTS `schools` (
  `school_id` int(11) NOT NULL DEFAULT '0',
  `school_name` varchar(30) NOT NULL,
  PRIMARY KEY (`school_id`),
  UNIQUE KEY `school_name` (`school_name`)
) ENGINE=InnoDB DEFAULT CHARSET=latin1;

-- 
-- Dumping data for table `schools`
-- 

INSERT INTO `schools` VALUES (0, '-- admin account --');
INSERT INTO `schools` VALUES (11, 'BETHANY, NAPERVILLE');
INSERT INTO `schools` VALUES (2, 'COOPER, BUFFALO GROVE');
INSERT INTO `schools` VALUES (15, 'GRACE, RIVER FOREST');
INSERT INTO `schools` VALUES (36, 'IMMANUEL, CRYSTAL LAKE');
INSERT INTO `schools` VALUES (4, 'IMMANUEL, PALATINE');
INSERT INTO `schools` VALUES (34, 'LATIN SCHOOL OF CHICAGO');
INSERT INTO `schools` VALUES (3, 'LINCOLN, MT. PROSPECT');
INSERT INTO `schools` VALUES (27, 'OUR LADY PERPETUAL HELP, GLNVW');
INSERT INTO `schools` VALUES (37, 'OUR LADY WAYSIDE, ARLNGTN HTS');
INSERT INTO `schools` VALUES (10, 'RIVER TRAILS, MT. PROSPECT');
INSERT INTO `schools` VALUES (9, 'ROOSEVELT, RIVER FOREST');
INSERT INTO `schools` VALUES (26, 'SACRED HEART, CHICAGO');
INSERT INTO `schools` VALUES (13, 'SOUTH, ARLINGTON HEIGHTS');
INSERT INTO `schools` VALUES (19, 'ST. ANDREWS, PARK RIDGE');
INSERT INTO `schools` VALUES (8, 'ST. EMILY, MT. PROSPECT');
INSERT INTO `schools` VALUES (7, 'ST. JOHN, LOMBARD');
INSERT INTO `schools` VALUES (17, 'ST. MARGARET MARY, ALGONQUIN');
INSERT INTO `schools` VALUES (28, 'ST. MARY, WOODSTOCK');
INSERT INTO `schools` VALUES (24, 'ST. PAUL LUTH, MT. PROSPECT');
INSERT INTO `schools` VALUES (1, 'ST. PETER LUTH, ARLNGTN HTS');
INSERT INTO `schools` VALUES (20, 'ST. PETER LUTH, SCHAUMBURG');
INSERT INTO `schools` VALUES (14, 'ST. PETER, GENEVA');
INSERT INTO `schools` VALUES (22, 'ST. RAYMOND, MT. PROSPECT');
INSERT INTO `schools` VALUES (21, 'THOMAS, ARLINGTON HEIGHTS');
INSERT INTO `schools` VALUES (6, 'TIMOTHY CHRISTIAN, ELMHURST');
INSERT INTO `schools` VALUES (35, 'TRINITY LUTH, ROSELLE');
INSERT INTO `schools` VALUES (25, 'TRINITY OAKS CHRISTIAN, CARY');
INSERT INTO `schools` VALUES (23, 'ZION, MARENGO');

-- --------------------------------------------------------

-- 
-- Table structure for table `shirts`
-- 

CREATE TABLE IF NOT EXISTS `shirts` (
  `school_id` int(11) NOT NULL,
  `num_youth_medium` int(11) DEFAULT NULL,
  `num_youth_large` int(11) DEFAULT NULL,
  `num_adult_small` int(11) DEFAULT NULL,
  `num_adult_medium` int(11) DEFAULT NULL,
  `num_adult_large` int(11) DEFAULT NULL,
  `num_adult_xl` int(11) DEFAULT NULL,
  `num_adult_xxl` int(11) DEFAULT NULL,
  PRIMARY KEY (`school_id`)
) ENGINE=InnoDB DEFAULT CHARSET=latin1;

-- 
-- Dumping data for table `shirts`
-- 


-- --------------------------------------------------------

-- 
-- Table structure for table `users`
-- 

CREATE TABLE IF NOT EXISTS `users` (
  `user_id` int(11) NOT NULL DEFAULT '0',
  `email` varchar(100) NOT NULL,
  `password` varchar(100) DEFAULT NULL,
  `role` varchar(10) NOT NULL,
  `status` varchar(10) DEFAULT NULL,
  `school_id` int(11) DEFAULT NULL,
  PRIMARY KEY (`user_id`),
  UNIQUE KEY `email` (`email`)
) ENGINE=InnoDB DEFAULT CHARSET=latin1;

-- 
-- Dumping data for table `users`
-- 

INSERT INTO `users` VALUES (0, 'admin@stpeterxc.org', '$2y$10$4m.59YMRb4SOLHTkLiaUu.g5ur23sroDFI6wWYs7SW7TdBbQETCVi', 'admin', 'open', 0);
INSERT INTO `users` VALUES (1, 'purduetom90@gmail.com', '$2y$10$rQpZZZAG/cBQG92L2k6zWOVvISMmerppEeZJcoVr7I8PHrL/wqSf2', 'user', 'open', 1);
INSERT INTO `users` VALUES (2, 'jeffrey_rodgers@hotmail.com', '$2y$10$wCs4q/Ok15dER8jD4EZvoOwqx1e/zb2QO7wkcFAmzngFA6U7aRE7S', 'user', 'open', 1);
INSERT INTO `users` VALUES (3, 'zbickel@fulllifeinchrist.org', '$2y$10$oAw6nRyjxXH20us0holZbuhfWnyq8Vw98FQSMS71Hiu/hzqRHOTPW', 'admin', 'open', 0);
INSERT INTO `users` VALUES (5, 'snoeyink@timothychristian.com', '$2y$10$BGGUESuoG2SrlwreRT.GYOsclZw3uCQTQTsa2By562faxZkG1v9Ju', 'user', 'open', 6);
INSERT INTO `users` VALUES (7, 'dvandermeulen@latinschool.org', '$2y$10$gsU/lSTl8524p5zzFdwwT.7IMxbIAQ.tSkQLQ4inR0r90aLpJFbPG', 'user', 'open', 34);
INSERT INTO `users` VALUES (8, 'lduzey@trinity-oaks.org', '$2y$10$LwqVeIfaveDkR4HDH4E0rOJpx.Uvmo30wO6msz2G1z9sLjjx5Vo.m', 'user', 'open', 25);
INSERT INTO `users` VALUES (9, 'tom.kalal@stjohnslombard.org', '$2y$10$5zlmkG.dq6zxW08cB58jiuprxPzhXLL8JAuqYtZeraIVqWHjm0lu6', 'user', 'open', 7);
INSERT INTO `users` VALUES (10, 'starrshine7@sbcglobal.net', '$2y$10$zse6OSoBzT.iOo2azZ6nSuN5HR7Bp7KM6MRN7Fql8stQ2zlech7WC', 'user', 'open', 9);
INSERT INTO `users` VALUES (11, 'r2kumba@wowway.com', '$2y$10$O20wSC70FP40zkzbpeWWiemEkSLSNG227gtMTcuU0If7dXEPtGi9K', 'user', 'open', 11);
INSERT INTO `users` VALUES (12, 'timothy.thiessen@ccsd21.org', '$2y$10$J5jHcQr7F8SEoxZQII6x.eIhsPuCX7cyCCIlNB6qS.EM03/9nDBpm', 'user', 'open', 2);
INSERT INTO `users` VALUES (13, 'tricia.moore@d214.org', '$2y$10$SUNv3dlJdnxhUvmYW6Q3MeU1b9q6iIJ.p.h9cXE0.XM.4bG1XJW76', 'user', 'open', 21);
INSERT INTO `users` VALUES (14, 'eyoung@saint-paul.org', '$2y$10$Zm17krRUXdIGlDuI.P6Cb.gcUmI/2SFwNMM/p/EjUov95HZCs/LWa', 'user', 'open', 24);
INSERT INTO `users` VALUES (15, 'torkstaa66@sbcglobal.net', '$2y$10$yg0xF9kFdgKajzRWs3zadezzGZiLMQ51Y65JNx7alXeS2SW1G26Zu', 'user', 'open', 14);
INSERT INTO `users` VALUES (16, 'aarriazola@sbcglobal.net', '$2y$10$Z4RLk7caZ3pfiQVlxjsaJOnEhF43WUvwyGzQK.MyrDO/5ruS7qBeG', 'user', 'open', 19);
INSERT INTO `users` VALUES (17, 'blasoski@rtsd26.org', '$2y$10$3zDbFgFhc3fNcsPth6OS..E0FAbq1RoLGSLaStmhK6rVTPvyuFvaS', 'user', 'open', 10);
INSERT INTO `users` VALUES (18, 'spedtchr300@gmail.com', '$2y$10$PYevhkHzjSTijc/wYqIq8u47UQ/0t3EkpZ5xb1lGSobN5jotJsq7S', 'user', 'open', 4);
INSERT INTO `users` VALUES (19, 'tomandpadra@comcast.net', '$2y$10$wQnntyDwp6R8JGabG1uGl.mwTJynJuu/wGUZapq0yA/AP8LNBHVWK', 'user', 'open', 22);
INSERT INTO `users` VALUES (20, 'scheiwerobert@trinityroselle.com', '$2y$10$ibIzJFCnZkrtHiIGg6lrr.2erZFnkMBPuYhdVuysh3gZ8ZyBEAcSa', 'user', 'open', 35);
INSERT INTO `users` VALUES (21, 'amyshulfer@comcast.net', '$2y$10$jhVzlmHISWNfD0d6XkP8xurt/46fCxlcf7CIpjBIbxguOfLcW/N7.', 'user', 'open', 36);
INSERT INTO `users` VALUES (22, 'zionathletics@gmail.com', '$2y$10$yjhumYy.7bzRexHkk7j22e1EYpyHP76bT8aXWMUZmcucc4gNmCA0G', 'user', 'open', 23);
INSERT INTO `users` VALUES (23, 'stephenthomas.smmsports@gmail.com', '$2y$10$oVZvKDOXyWUEPCBNa2nY8uZD1aoDLqfIF9MSNY1Gvr5Aah0LmgFAK', 'user', 'open', 17);
INSERT INTO `users` VALUES (24, 'wwstoll@att.net', '$2y$10$anqrf9UtkHlYUaD7kY.4cO0txxQqSA6g1hN2OUN.w0XXmVb0GSVGK', 'user', 'open', 28);
INSERT INTO `users` VALUES (25, 'sshaffer@d57.org', '$2y$10$b8ZTaZlRtdXLk5VSxcxdkucIynuio9i6ZB9CK83xKh13LxqBjPZGm', 'user', 'open', 3);
INSERT INTO `users` VALUES (26, 'kaksamitowski@olph-il.org', '$2y$10$TCh3K7huTbP767U35GG9tua5UldWEYvsuM7oAHuVe.hp.3vCRsVXK', 'user', 'open', 27);
INSERT INTO `users` VALUES (27, 'terber1064@gmail.com', '$2y$10$koXLLtlM2IsB12GD4MB8MevJuBGTDf59F1w20v1faMaa49uiaP4nS', 'user', 'open', 8);
INSERT INTO `users` VALUES (28, 'athleticdirector@olwschool.org', '$2y$10$EoGgOihT/TRNqMibP9bI2.eBhyEpJuU9FHpH6SPGTan4m9gI6tntG', 'user', 'open', 37);
INSERT INTO `users` VALUES (29, 'richard.alan.brooks@gmail.com', '$2y$10$rGbTagCSAnTEJaYNU.H3ueWJ/Oi1dwrW8cO7/y6mtWjPLzEOwsvWK', 'user', 'open', 15);
INSERT INTO `users` VALUES (30, 'dfrintner@sd25.org', '$2y$10$YAexyzK2ypTvzqbSRMp1AOZyDN5T1n5I/KuEUdLCJEZJNgJC.4eay', 'user', 'open', 13);
INSERT INTO `users` VALUES (31, 'distancestar12@gmail.com', '$2y$10$hOX83ohTbBWT/qCRWMTYTuGw2BxpMwiBCmoIuFYSBAWqs8XwdkBVW', 'user', 'open', 26);
INSERT INTO `users` VALUES (32, 'mwilcox@stpeterlcms.org', '$2y$10$NcIFdBVXEDYFJJxWBr4ZFeQlctzI5OnTtEQayuRbBXSvtDWj2RKwy', 'user', 'open', 20);
