-- phpMyAdmin SQL Dump
-- version 2.8.0.1
-- http://www.phpmyadmin.net
-- 
-- Host: custsqlmoo15
-- Generation Time: Jul 01, 2018 at 02:23 PM
-- Server version: 5.6.37
-- PHP Version: 4.4.9
-- 
-- Database: `fdm2016`
-- 

-- --------------------------------------------------------

-- 
-- Table structure for table `runners`
-- 

CREATE TABLE `runners` (
  `runner_id` int(11) NOT NULL,
  `school_id` int(11) DEFAULT NULL,
  `first_name` varchar(25) DEFAULT NULL,
  `last_name` varchar(25) DEFAULT NULL,
  `grade` tinyint(4) DEFAULT NULL,
  `sex` varchar(1) DEFAULT NULL,
  PRIMARY KEY (`runner_id`),
  UNIQUE KEY `school_id` (`school_id`,`first_name`,`last_name`)
) ENGINE=InnoDB DEFAULT CHARSET=latin1;

-- 
-- Dumping data for table `runners`
-- 

INSERT INTO `runners` VALUES (1, 38, 'LIAM', 'NICHOLAS', 8, 'M');
INSERT INTO `runners` VALUES (2, 38, 'ISAAC', 'GOODFELLOW', 8, 'M');
INSERT INTO `runners` VALUES (3, 27, 'LILY', 'BAETHKE', 7, 'F');
INSERT INTO `runners` VALUES (4, 27, 'MATT', 'BARNEY', 6, 'M');
INSERT INTO `runners` VALUES (5, 27, 'CHASE', 'BLANCHARD', 7, 'M');
INSERT INTO `runners` VALUES (6, 27, 'TEEGAN', 'BROWE', 5, 'M');
INSERT INTO `runners` VALUES (7, 27, 'EMMA', 'BURKE', 6, 'F');
INSERT INTO `runners` VALUES (8, 27, 'JACK', 'CAMPBELL', 7, 'M');
INSERT INTO `runners` VALUES (9, 27, 'JULIA', 'CERIMELE', 6, 'F');
INSERT INTO `runners` VALUES (10, 27, 'AMELIA', 'COLE', 6, 'F');
INSERT INTO `runners` VALUES (11, 27, 'KATIE', 'CONDON', 6, 'F');
INSERT INTO `runners` VALUES (12, 27, 'MATTHEW', 'CONROY', 6, 'M');
INSERT INTO `runners` VALUES (13, 27, 'THEO', 'CONROY', 8, 'M');
INSERT INTO `runners` VALUES (14, 27, 'CAMILLE', 'COX', 5, 'F');
INSERT INTO `runners` VALUES (15, 27, 'CHARLIE', 'COX', 6, 'M');
INSERT INTO `runners` VALUES (16, 27, 'BERKLEY-AYNE', 'DORSTEN', 7, 'F');
INSERT INTO `runners` VALUES (17, 27, 'SARAH', 'GOLDEBERG', 7, 'F');
INSERT INTO `runners` VALUES (18, 27, 'SOPHIA', 'GOLDBERG', 6, 'F');
INSERT INTO `runners` VALUES (19, 27, 'RYAN', 'GREEN', 7, 'M');
INSERT INTO `runners` VALUES (20, 27, 'SOPHIA', 'GREEN', 5, 'F');
INSERT INTO `runners` VALUES (21, 27, 'CONNOR', 'HERRINGTON', 5, 'M');
INSERT INTO `runners` VALUES (22, 27, 'LUKE', 'HOLECEK', 7, 'M');
INSERT INTO `runners` VALUES (23, 27, 'RYAN', 'JACKSON', 5, 'M');
INSERT INTO `runners` VALUES (24, 27, 'REGAN', 'KOH', 8, 'F');
INSERT INTO `runners` VALUES (25, 27, 'SEAN', 'MINIHANE', 7, 'M');
INSERT INTO `runners` VALUES (26, 27, 'MATTHEW', 'NUGENT', 7, 'M');
INSERT INTO `runners` VALUES (27, 27, 'ALLISON', 'OBRIEN', 7, 'F');
INSERT INTO `runners` VALUES (28, 27, 'JOEY', 'PIERACCI', 7, 'M');
INSERT INTO `runners` VALUES (29, 27, 'JACK', 'QUALKENBUSH', 6, 'M');
INSERT INTO `runners` VALUES (30, 27, 'ANDRES', 'RODRIGUEZ', 6, 'M');
INSERT INTO `runners` VALUES (31, 27, 'ROSWITHA', 'SEITZ', 5, 'F');
INSERT INTO `runners` VALUES (32, 27, 'GRACE', 'STAUDER', 6, 'F');
INSERT INTO `runners` VALUES (33, 27, 'GAVIN', 'VELASCO', 8, 'M');
INSERT INTO `runners` VALUES (34, 27, 'MATTHEW', 'WALSH', 7, 'M');
INSERT INTO `runners` VALUES (35, 27, 'CLARA', 'WAWRZYN', 8, 'F');
INSERT INTO `runners` VALUES (36, 27, 'HARRISON', 'WEBER', 8, 'M');
INSERT INTO `runners` VALUES (37, 27, 'TARA', 'WIRTSCHOREK', 7, 'F');
INSERT INTO `runners` VALUES (38, 27, 'GIGI', 'ZERA', 6, 'F');
INSERT INTO `runners` VALUES (39, 27, 'ISABELLA', 'ZIMMER', 6, 'F');
INSERT INTO `runners` VALUES (40, 27, 'SEBASTIAN', 'ZIMMER', 8, 'M');
INSERT INTO `runners` VALUES (41, 39, 'JULIA', 'WOLKE', 8, 'F');
INSERT INTO `runners` VALUES (42, 14, 'PRESTON', 'SCHUSTER', 8, 'M');
INSERT INTO `runners` VALUES (43, 14, 'RYAN', 'THUMM', 8, 'M');
INSERT INTO `runners` VALUES (44, 14, 'NICK', 'CARRERA', 8, 'M');
INSERT INTO `runners` VALUES (45, 14, 'EDDIE', 'MILLS', 8, 'M');
INSERT INTO `runners` VALUES (46, 14, 'RYAN', 'FORS', 6, 'M');
INSERT INTO `runners` VALUES (47, 14, 'LUCAS', 'CHUNG', 6, 'M');
INSERT INTO `runners` VALUES (48, 14, 'BEN', 'MEHALIC', 8, 'M');
INSERT INTO `runners` VALUES (49, 14, 'MAX', 'HELLMANN', 8, 'M');
INSERT INTO `runners` VALUES (50, 14, 'MEGGIE', 'FORS', 8, 'F');
INSERT INTO `runners` VALUES (51, 14, 'STELLA', 'FELDHAUS', 7, 'F');
INSERT INTO `runners` VALUES (52, 14, 'GRACE', 'CASKEY', 7, 'F');
INSERT INTO `runners` VALUES (53, 14, 'COLLEEN', 'THUMM', 6, 'F');
INSERT INTO `runners` VALUES (54, 14, 'LUCY', 'JANIA', 6, 'F');
INSERT INTO `runners` VALUES (55, 14, 'KATARINA', 'KOESTER', 6, 'F');
INSERT INTO `runners` VALUES (56, 14, 'COOPER', 'OKOLITA', 5, 'M');
INSERT INTO `runners` VALUES (57, 14, 'GRANT', 'TURCICH', 5, 'M');
INSERT INTO `runners` VALUES (58, 14, 'BRANDON', 'BECK', 5, 'M');
INSERT INTO `runners` VALUES (59, 14, 'SAM', 'CARRERA', 5, 'M');
INSERT INTO `runners` VALUES (60, 14, 'BRODY', 'MEHALIC', 5, 'M');
INSERT INTO `runners` VALUES (61, 14, 'ISABELLA', 'WILHELM', 5, 'F');
INSERT INTO `runners` VALUES (62, 14, 'KATE', 'BRILEY', 6, 'F');
INSERT INTO `runners` VALUES (63, 14, 'AVANNA', 'RESTAINO', 6, 'F');
INSERT INTO `runners` VALUES (64, 17, 'SAM', 'MANAOIS', 7, 'M');
INSERT INTO `runners` VALUES (65, 7, 'KAT', 'BARTON', 4, 'F');
INSERT INTO `runners` VALUES (66, 7, 'GEORGIA', 'BRYAN', 4, 'F');
INSERT INTO `runners` VALUES (67, 7, 'ABIGAIL', 'COMBER', 4, 'F');
INSERT INTO `runners` VALUES (68, 7, 'KENDRA', 'CROWLEY', 4, 'F');
INSERT INTO `runners` VALUES (69, 7, 'GIANNA', 'DUGO', 4, 'F');
INSERT INTO `runners` VALUES (70, 7, 'CALLIE', 'HARDTKE', 4, 'F');
INSERT INTO `runners` VALUES (71, 7, 'JAKE', 'PAXTON', 4, 'M');
INSERT INTO `runners` VALUES (72, 7, 'MASON', 'PAXTON', 4, 'M');
INSERT INTO `runners` VALUES (73, 7, 'JOHN', 'REMLINGER', 4, 'M');
INSERT INTO `runners` VALUES (74, 7, 'LANEY', 'ROMANO', 4, 'F');
INSERT INTO `runners` VALUES (75, 7, 'GEORGIE', 'ROMANO', 4, 'F');
INSERT INTO `runners` VALUES (76, 7, 'TREVOR', 'SOSIN', 4, 'M');
INSERT INTO `runners` VALUES (77, 7, 'SAM', 'WALTON', 4, 'M');
INSERT INTO `runners` VALUES (78, 7, 'DANIEL', 'WEGRZYN', 4, 'M');
INSERT INTO `runners` VALUES (79, 7, 'JACK', 'HAWKINS', 5, 'M');
INSERT INTO `runners` VALUES (80, 7, 'ISABELLA', 'HERNANDEZ', 5, 'F');
INSERT INTO `runners` VALUES (81, 7, 'WILLEM', 'HOFFMANN', 5, 'M');
INSERT INTO `runners` VALUES (82, 7, 'ALEX', 'JEFFERY', 5, 'M');
INSERT INTO `runners` VALUES (83, 7, 'ZACH', 'MORRIS', 5, 'M');
INSERT INTO `runners` VALUES (84, 7, 'ETHAN', 'NOELLSCH', 5, 'M');
INSERT INTO `runners` VALUES (85, 7, 'NICHOLAS', 'RHEIN', 5, 'M');
INSERT INTO `runners` VALUES (86, 7, 'MINA', 'ROMANO', 5, 'F');
INSERT INTO `runners` VALUES (87, 7, 'CONNOR', 'SENNE', 5, 'M');
INSERT INTO `runners` VALUES (88, 7, 'LUKE', 'VANTHOLEN', 5, 'M');
INSERT INTO `runners` VALUES (89, 7, 'KAYLYN', 'WELLS', 5, 'F');
INSERT INTO `runners` VALUES (90, 7, 'HARPER', 'BRYAN', 6, 'M');
INSERT INTO `runners` VALUES (91, 7, 'SAM', 'NOORDHOEK', 6, 'M');
INSERT INTO `runners` VALUES (92, 7, 'LILI', 'OLSON', 6, 'F');
INSERT INTO `runners` VALUES (93, 7, 'LUKE', 'ROMANO', 6, 'M');
INSERT INTO `runners` VALUES (94, 7, 'COOPER', 'HOFFMANN', 7, 'M');
INSERT INTO `runners` VALUES (95, 7, 'MACKENZIE', 'HUBER', 7, 'F');
INSERT INTO `runners` VALUES (96, 35, 'ETHAN', 'BARATTA', 7, 'M');
INSERT INTO `runners` VALUES (97, 35, 'KYRA', 'EPTING', 6, 'F');
INSERT INTO `runners` VALUES (98, 35, 'MADDIE', 'SNELLER', 6, 'F');
INSERT INTO `runners` VALUES (99, 35, 'LILA', 'RUSTAM', 6, 'F');
INSERT INTO `runners` VALUES (100, 35, 'ALEX', 'EGGERDING', 5, 'M');
INSERT INTO `runners` VALUES (101, 35, 'MADELINE', 'BARATTA', 5, 'F');
INSERT INTO `runners` VALUES (103, 2, 'BAELYN', 'ZITZMANN', 6, 'F');
INSERT INTO `runners` VALUES (104, 2, 'ANGELINA', 'SUNARDIO', 7, 'F');
INSERT INTO `runners` VALUES (105, 2, 'SARAH', 'JOSEPH', 7, 'F');
INSERT INTO `runners` VALUES (106, 2, 'ABIGAIL', 'SWANSON', 6, 'F');
INSERT INTO `runners` VALUES (107, 2, 'SYDNEY', 'JACOBS', 8, 'F');
INSERT INTO `runners` VALUES (108, 2, 'LEAH', 'MCKENNA', 8, 'F');
INSERT INTO `runners` VALUES (109, 2, 'ISKRA', 'SHTEREVA', 8, 'F');
INSERT INTO `runners` VALUES (110, 2, 'AVERY', 'BOECHE', 7, 'F');
INSERT INTO `runners` VALUES (111, 2, 'KRISTEN', 'OPPERMAN', 6, 'F');
INSERT INTO `runners` VALUES (112, 2, 'ISABELLA', 'WOJIECHOWSKI', 7, 'F');
INSERT INTO `runners` VALUES (113, 2, 'CLAUDIA', 'WOJIECHOWSKI', 7, 'F');
INSERT INTO `runners` VALUES (114, 2, 'JENNA', 'PULLEGA', 7, 'F');
INSERT INTO `runners` VALUES (115, 2, 'KAYLA', 'CICHY', 6, 'F');
INSERT INTO `runners` VALUES (116, 2, 'KHRYSTYNA', 'DUTCHAK', 8, 'F');
INSERT INTO `runners` VALUES (117, 2, 'GABI', 'BOECHE', 8, 'F');
INSERT INTO `runners` VALUES (118, 17, 'MAYA', 'PANIAK', 5, 'F');
INSERT INTO `runners` VALUES (120, 17, 'MARELY', 'SALDIVAR', 5, 'F');
INSERT INTO `runners` VALUES (121, 17, 'JAYDN', 'SOLA', 5, 'F');
INSERT INTO `runners` VALUES (123, 17, 'HENRY', 'BONNET', 5, 'M');
INSERT INTO `runners` VALUES (124, 17, 'HENRY', 'FLEJTER', 5, 'M');
INSERT INTO `runners` VALUES (125, 17, 'MASON', 'GRAF', 5, 'M');
INSERT INTO `runners` VALUES (126, 17, 'AIDEN', 'LIPNISKY', 5, 'M');
INSERT INTO `runners` VALUES (127, 17, 'TOMMY', 'SOMEN', 5, 'M');
INSERT INTO `runners` VALUES (128, 17, 'JACKSON', 'HALLIGAN', 6, 'M');
INSERT INTO `runners` VALUES (129, 17, 'MAKS', 'MALINSKI', 6, 'M');
INSERT INTO `runners` VALUES (130, 17, 'MICHAEL', 'SMORON', 6, 'M');
INSERT INTO `runners` VALUES (131, 17, 'DEAN', 'TAN', 6, 'M');
INSERT INTO `runners` VALUES (132, 17, 'SEAN', 'TAN', 6, 'M');
INSERT INTO `runners` VALUES (133, 17, 'JACOB', 'BONNET', 7, 'M');
INSERT INTO `runners` VALUES (134, 17, 'MICHAEL', 'SBAROUNIS', 7, 'M');
INSERT INTO `runners` VALUES (135, 17, 'LILY', 'PLOMERO', 8, 'F');
INSERT INTO `runners` VALUES (136, 17, 'CHRIS', 'ATADERO', 8, 'M');
INSERT INTO `runners` VALUES (137, 17, 'PATRICK', 'KUMM', 8, 'M');
INSERT INTO `runners` VALUES (138, 17, 'EMMAN', 'LLAUDERES', 8, 'M');
INSERT INTO `runners` VALUES (139, 17, 'MICHAEL', 'MORRIS', 8, 'M');
INSERT INTO `runners` VALUES (140, 17, 'ADAM', 'TERSTEEG', 8, 'M');
INSERT INTO `runners` VALUES (141, 10, 'JACK', 'STOLZER', 5, 'M');
INSERT INTO `runners` VALUES (142, 10, 'DARIA', 'IUHAS', 5, 'F');
INSERT INTO `runners` VALUES (143, 10, 'SHAWN', 'SIMON', 5, 'M');
INSERT INTO `runners` VALUES (144, 10, 'URIK', 'CONTLA', 5, 'M');
INSERT INTO `runners` VALUES (145, 10, 'ARUN', 'RAJEISHBABU', 5, 'M');
INSERT INTO `runners` VALUES (146, 10, 'ADRIAN', 'WISNIEWSKI', 5, 'M');
INSERT INTO `runners` VALUES (147, 10, 'IRENE', 'HAN', 5, 'F');
INSERT INTO `runners` VALUES (148, 10, 'TEAGAN', 'BEAUMONT', 5, 'F');
INSERT INTO `runners` VALUES (149, 10, 'BLAKE', 'PERRAULT', 5, 'M');
INSERT INTO `runners` VALUES (150, 10, 'KEEGAN', 'LUXEM', 5, 'M');
INSERT INTO `runners` VALUES (151, 10, 'ANGELA', 'PILAFAS', 5, 'F');
INSERT INTO `runners` VALUES (152, 10, 'POLA', 'KUSNIERZ', 5, 'F');
INSERT INTO `runners` VALUES (153, 10, 'CHRIS', 'PILAFAS', 5, 'M');
INSERT INTO `runners` VALUES (154, 10, 'NATALIA', 'GORLO', 5, 'F');
INSERT INTO `runners` VALUES (155, 10, 'JACOB', 'SCARIA', 5, 'M');
INSERT INTO `runners` VALUES (156, 10, 'TEODOR', 'DRURIC', 5, 'M');
INSERT INTO `runners` VALUES (157, 10, 'CATHERINE', 'NGUYEN', 5, 'F');
INSERT INTO `runners` VALUES (158, 10, 'VICTORIA', 'SULEWSKI', 5, 'F');
INSERT INTO `runners` VALUES (159, 10, 'MAYAH', 'SULLIVAN', 5, 'F');
INSERT INTO `runners` VALUES (160, 10, 'JOCELYN', 'OJEDA', 5, 'F');
INSERT INTO `runners` VALUES (161, 10, 'KEATY', 'CARRILO', 5, 'F');
INSERT INTO `runners` VALUES (162, 10, 'JACOB', 'MROZIK', 5, 'M');
INSERT INTO `runners` VALUES (163, 10, 'GABI', 'MAKOWSKI', 7, 'F');
INSERT INTO `runners` VALUES (164, 10, 'ISABELLA', 'FELMAN', 8, 'F');
INSERT INTO `runners` VALUES (165, 10, 'MONIKA', 'JUSCINSKA', 6, 'F');
INSERT INTO `runners` VALUES (166, 10, 'COLLEEN', 'PAISLEY', 7, 'F');
INSERT INTO `runners` VALUES (167, 10, 'NORAH', 'VIERS', 8, 'F');
INSERT INTO `runners` VALUES (168, 10, 'PENELOPE', 'SKLIVAGOS', 6, 'F');
INSERT INTO `runners` VALUES (169, 10, 'JAXON', 'PENOUICH', 5, 'M');
INSERT INTO `runners` VALUES (170, 2, 'MASON', 'HULLIGAN', 7, 'M');
INSERT INTO `runners` VALUES (171, 2, 'JOSH', 'LARKOWSKI', 7, 'M');
INSERT INTO `runners` VALUES (172, 2, 'CHRIS', 'CHERNIK', 6, 'M');
INSERT INTO `runners` VALUES (173, 2, 'MATT', 'MARADKEL', 6, 'M');
INSERT INTO `runners` VALUES (174, 2, 'ELLIOTT', 'DRAZIN', 6, 'M');
INSERT INTO `runners` VALUES (175, 2, 'ANDREW', 'HOANG', 7, 'M');
INSERT INTO `runners` VALUES (176, 2, 'DOMINIK', 'BERRIOS', 7, 'M');
INSERT INTO `runners` VALUES (177, 2, 'MATT', 'OLARU', 6, 'M');
INSERT INTO `runners` VALUES (178, 2, 'OWEN', 'GREEN', 7, 'M');
INSERT INTO `runners` VALUES (179, 2, 'DAVID', 'HILL', 6, 'M');
INSERT INTO `runners` VALUES (180, 2, 'BRADY', 'CONNELLY', 6, 'M');
INSERT INTO `runners` VALUES (181, 2, 'VUK', 'DEJKOVIC', 6, 'M');
INSERT INTO `runners` VALUES (182, 2, 'DAMIAN', 'PUMA', 7, 'M');
INSERT INTO `runners` VALUES (183, 2, 'JOEY', 'MUSKAL', 6, 'M');
INSERT INTO `runners` VALUES (184, 2, 'MATIJA', 'SCEKIC', 6, 'M');
INSERT INTO `runners` VALUES (185, 2, 'BEN', 'CASTANEDA', 7, 'M');
INSERT INTO `runners` VALUES (186, 2, 'TYLER', 'MATSUDA', 8, 'M');
INSERT INTO `runners` VALUES (187, 2, 'CHARLIE', 'KUMMEROW', 7, 'M');
INSERT INTO `runners` VALUES (188, 2, 'CONNOR', 'WOODIN', 6, 'M');
INSERT INTO `runners` VALUES (189, 2, 'JAMES', 'SAUER', 7, 'M');
INSERT INTO `runners` VALUES (190, 2, 'KEVIN', 'SINKIEWICZ', 8, 'M');
INSERT INTO `runners` VALUES (191, 2, 'JOEL', 'BOECHE', 6, 'M');
INSERT INTO `runners` VALUES (192, 2, 'PAYTON', 'DIAZ', 6, 'M');
INSERT INTO `runners` VALUES (193, 2, 'JIMMY', 'GULIANO', 8, 'M');
INSERT INTO `runners` VALUES (194, 2, 'REILLY', 'ALLEN', 8, 'M');
INSERT INTO `runners` VALUES (195, 2, 'JACK', 'NUSSBAUM', 8, 'M');
INSERT INTO `runners` VALUES (196, 20, 'LYLA', 'MILTZ', 6, 'F');
INSERT INTO `runners` VALUES (197, 20, 'NICHOLAS', 'MARTINEZ', 6, 'M');
INSERT INTO `runners` VALUES (198, 20, 'ANTHONY', 'RUSCITTI', 7, 'M');
INSERT INTO `runners` VALUES (199, 20, 'LUKE', 'BAHN', 7, 'M');
INSERT INTO `runners` VALUES (200, 20, 'JOJO', 'HINTZ', 7, 'M');
INSERT INTO `runners` VALUES (201, 20, 'LANDON', 'MOELLER', 8, 'M');
INSERT INTO `runners` VALUES (202, 20, 'JENNA', 'VOGT', 8, 'F');
INSERT INTO `runners` VALUES (203, 24, 'TRAVIS', 'ARDITO', 6, 'M');
INSERT INTO `runners` VALUES (204, 24, 'DANNY', 'BROSNAN', 6, 'M');
INSERT INTO `runners` VALUES (205, 24, 'GAVIN', 'FACK', 6, 'M');
INSERT INTO `runners` VALUES (206, 24, 'WILLIAM', 'MARKWORTH', 6, 'M');
INSERT INTO `runners` VALUES (207, 24, 'JACK', 'MANNION', 6, 'M');
INSERT INTO `runners` VALUES (208, 24, 'COLTER', 'PERSON', 6, 'M');
INSERT INTO `runners` VALUES (209, 24, 'BRADY', 'MCDONOUGH', 6, 'M');
INSERT INTO `runners` VALUES (210, 24, 'ALEX', 'ZUDOR', 6, 'M');
INSERT INTO `runners` VALUES (211, 24, 'NATALIE', 'DAVIS', 6, 'F');
INSERT INTO `runners` VALUES (212, 24, 'LUKE', 'COOK', 5, 'M');
INSERT INTO `runners` VALUES (213, 24, 'RYAN', 'COOK', 5, 'M');
INSERT INTO `runners` VALUES (214, 24, 'LANDON', 'DRAGICEVICH', 5, 'M');
INSERT INTO `runners` VALUES (215, 24, 'GRIFFIN', 'HANDLER', 5, 'M');
INSERT INTO `runners` VALUES (216, 24, 'OLIVER', 'TEMPKO', 5, 'M');
INSERT INTO `runners` VALUES (217, 24, 'CAROLINE', 'MENZE', 5, 'F');
INSERT INTO `runners` VALUES (218, 24, 'CAROLINE', 'MACHEL', 5, 'F');
INSERT INTO `runners` VALUES (219, 24, 'KATIE', 'WENTLING', 5, 'F');
INSERT INTO `runners` VALUES (220, 24, 'MATTHEW', 'BRENTS', 4, 'M');
INSERT INTO `runners` VALUES (221, 24, 'BEN', 'MANNION', 4, 'M');
INSERT INTO `runners` VALUES (222, 24, 'TJ', 'SPINA', 4, 'M');
INSERT INTO `runners` VALUES (223, 24, 'BRAM', 'SCHMITZ', 4, 'M');
INSERT INTO `runners` VALUES (224, 24, 'MATTHEW', 'JACKSON', 4, 'M');
INSERT INTO `runners` VALUES (225, 24, 'GAVIN', 'CHANG', 4, 'M');
INSERT INTO `runners` VALUES (226, 24, 'AMELIA', 'MEIER', 4, 'F');
INSERT INTO `runners` VALUES (227, 24, 'ALLI', 'LINKE', 4, 'F');
INSERT INTO `runners` VALUES (228, 24, 'ABBY', 'KIEPURA', 4, 'F');
INSERT INTO `runners` VALUES (229, 24, 'LIBBY', 'MCDONOUGH', 4, 'F');
INSERT INTO `runners` VALUES (230, 24, 'AMY', 'BRENNAN', 4, 'F');
INSERT INTO `runners` VALUES (231, 24, 'KIREE', 'PERSON', 4, 'F');
INSERT INTO `runners` VALUES (232, 24, 'JACKSON', 'LAESCH', 3, 'M');
INSERT INTO `runners` VALUES (233, 24, 'WILLIAM', 'DAVIS', 3, 'M');
INSERT INTO `runners` VALUES (234, 24, 'CONNOR', 'FACK', 3, 'M');
INSERT INTO `runners` VALUES (235, 24, 'SAMMI', 'PRIETO', 3, 'M');
INSERT INTO `runners` VALUES (236, 24, 'ELIN', 'HANDLER', 3, 'F');
INSERT INTO `runners` VALUES (237, 24, 'CASEY', 'BROSNAN', 3, 'F');
INSERT INTO `runners` VALUES (238, 24, 'ALYSSA', 'PHILIP', 3, 'F');
INSERT INTO `runners` VALUES (239, 24, 'ERIN', 'YOUNG', 3, 'F');
INSERT INTO `runners` VALUES (240, 11, 'BENJAMIN', 'LAMSMA', 8, 'M');
INSERT INTO `runners` VALUES (241, 11, 'LUKE', 'GAVIN', 8, 'M');
INSERT INTO `runners` VALUES (242, 11, 'KATIE', 'GERTSEN', 7, 'F');
INSERT INTO `runners` VALUES (243, 11, 'CAITLIN', 'HWANG', 7, 'F');
INSERT INTO `runners` VALUES (244, 11, 'CLAIRE', 'HWANG', 6, 'F');
INSERT INTO `runners` VALUES (245, 11, 'JACK', 'GUDGEL', 5, 'M');
INSERT INTO `runners` VALUES (246, 11, 'KALEL', 'DAHAN', 4, 'M');
INSERT INTO `runners` VALUES (247, 11, 'HENRY', 'FOX', 4, 'M');
INSERT INTO `runners` VALUES (248, 11, 'SYDNEY', 'GERTSEN', 4, 'F');
INSERT INTO `runners` VALUES (249, 11, 'ROSA', 'JIMENEZ', 4, 'F');
INSERT INTO `runners` VALUES (250, 11, 'JOSHUA', 'LAMSMA', 4, 'M');
INSERT INTO `runners` VALUES (251, 17, 'MADELINE', 'SASIS', 5, 'F');
INSERT INTO `runners` VALUES (252, 40, 'NICHOLAS', 'ASLLANI', 7, 'M');
INSERT INTO `runners` VALUES (253, 40, 'ALEXANDER', 'ASLLANI', 6, 'M');
INSERT INTO `runners` VALUES (254, 40, 'PRESTON', 'PIERCE', 8, 'M');
INSERT INTO `runners` VALUES (255, 40, 'MATTHEW', 'DAUM', 6, 'M');
INSERT INTO `runners` VALUES (256, 40, 'NADIA', 'DIAZ', 6, 'F');
INSERT INTO `runners` VALUES (257, 40, 'JOSHUA', 'POTTORFF', 6, 'M');
INSERT INTO `runners` VALUES (258, 40, 'RIA', 'PATEL', 6, 'F');
INSERT INTO `runners` VALUES (259, 40, 'ANTHONY', 'SAFONOV', 6, 'M');
INSERT INTO `runners` VALUES (260, 40, 'JACOB', 'PLOTNICK', 6, 'M');
INSERT INTO `runners` VALUES (261, 40, 'SPENCER', 'GEORGE', 7, 'M');
INSERT INTO `runners` VALUES (262, 40, 'ADOLFO', 'DIAZ', 8, 'M');
INSERT INTO `runners` VALUES (263, 40, 'CAYDEN', 'SHILHANEK', 7, 'M');
INSERT INTO `runners` VALUES (264, 40, 'BRADY', 'SEABURG', 6, 'M');
INSERT INTO `runners` VALUES (265, 40, 'JON', 'SIEMIANOWSKI', 8, 'M');
INSERT INTO `runners` VALUES (266, 10, 'GIANNA', 'CASCELLA', 8, 'F');
INSERT INTO `runners` VALUES (267, 10, 'DENISE', 'MONARCA', 6, 'F');
INSERT INTO `runners` VALUES (268, 10, 'TESS', 'ODONNELL', 7, 'F');
INSERT INTO `runners` VALUES (269, 10, 'JILLIAN', 'ODONNELL', 8, 'F');
INSERT INTO `runners` VALUES (270, 8, 'AVA', 'ALKASS', 4, 'F');
INSERT INTO `runners` VALUES (271, 8, 'JOSHUA', 'BECKERT', 4, 'M');
INSERT INTO `runners` VALUES (272, 8, 'MICHAEL', 'DI VITO', 4, 'M');
INSERT INTO `runners` VALUES (273, 8, 'JAMIE', 'LASKIEWICZ', 4, 'F');
INSERT INTO `runners` VALUES (274, 8, 'LINNEA', 'OLSEN', 4, 'F');
INSERT INTO `runners` VALUES (275, 8, 'NADIA', 'SOKOL', 4, 'F');
INSERT INTO `runners` VALUES (276, 8, 'KATHLEEN', 'STEVENS', 4, 'F');
INSERT INTO `runners` VALUES (277, 8, 'KYLE', 'TULLO', 4, 'M');
INSERT INTO `runners` VALUES (278, 8, 'JOEY', 'BRUNO', 5, 'M');
INSERT INTO `runners` VALUES (279, 8, 'PETER', 'DEMPSEY', 5, 'M');
INSERT INTO `runners` VALUES (280, 8, 'RICKY', 'DI VITO', 5, 'M');
INSERT INTO `runners` VALUES (281, 8, 'MADYSON', 'TEHRANI', 5, 'F');
INSERT INTO `runners` VALUES (282, 8, 'JEFFERY', 'BECKERT', 6, 'M');
INSERT INTO `runners` VALUES (283, 8, 'MIA', 'BERGSTROM', 6, 'F');
INSERT INTO `runners` VALUES (284, 8, 'CARMELA', 'MARTINEZ', 6, 'F');
INSERT INTO `runners` VALUES (285, 8, 'MICHAEL', 'PIAGARI', 6, 'M');
INSERT INTO `runners` VALUES (286, 8, 'SEAN', 'BURNS', 7, 'M');
INSERT INTO `runners` VALUES (287, 8, 'AIDEN', 'RAMSDEN', 7, 'M');
INSERT INTO `runners` VALUES (288, 8, 'KINGA', 'SLAWACKI', 7, 'F');
INSERT INTO `runners` VALUES (289, 8, 'ISABELLA', 'SOKOL', 7, 'F');
INSERT INTO `runners` VALUES (290, 8, 'SHANNON', 'WALSH', 7, 'F');
INSERT INTO `runners` VALUES (291, 8, 'JOY', 'BERGSTROM', 8, 'F');
INSERT INTO `runners` VALUES (292, 8, 'ERIN', 'CAVENDER', 8, 'F');
INSERT INTO `runners` VALUES (293, 8, 'MAGGIE', 'CLARKE', 8, 'F');
INSERT INTO `runners` VALUES (294, 8, 'CAMILLE', 'MARTINEZ', 8, 'F');
INSERT INTO `runners` VALUES (295, 8, 'KAMIL', 'TOCZYLOWSKI', 8, 'M');
INSERT INTO `runners` VALUES (296, 13, 'ANNA', 'KAST', 6, 'F');
INSERT INTO `runners` VALUES (297, 13, 'ANNE', 'KUHN', 6, 'F');
INSERT INTO `runners` VALUES (298, 13, 'CECE', 'WENGRONOWITZ', 6, 'F');
INSERT INTO `runners` VALUES (299, 13, 'EMMA', 'SULLIVAN', 6, 'F');
INSERT INTO `runners` VALUES (300, 13, 'JAMESON', 'KNIGHT', 6, 'F');
INSERT INTO `runners` VALUES (301, 13, 'JULIA', 'INGUMENSON', 6, 'F');
INSERT INTO `runners` VALUES (302, 13, 'KATE', 'KULAK', 6, 'F');
INSERT INTO `runners` VALUES (303, 13, 'KATE', 'SVOBODA', 6, 'F');
INSERT INTO `runners` VALUES (304, 13, 'MADELEINE', 'TO', 6, 'F');
INSERT INTO `runners` VALUES (305, 13, 'MADISON', 'DUDLE', 6, 'F');
INSERT INTO `runners` VALUES (306, 13, 'MAEVE', 'OGRADY', 6, 'F');
INSERT INTO `runners` VALUES (307, 13, 'MAGGIE', 'WINFIELD', 6, 'F');
INSERT INTO `runners` VALUES (308, 13, 'MIA', 'PILIPAUSKAS', 6, 'F');
INSERT INTO `runners` VALUES (309, 13, 'MORGAN', 'KULAK', 6, 'F');
INSERT INTO `runners` VALUES (310, 13, 'OLIVIA', 'REED', 6, 'F');
INSERT INTO `runners` VALUES (311, 13, 'OLIWIA', 'LESNIAK', 6, 'F');
INSERT INTO `runners` VALUES (312, 13, 'ROISIN', 'GRANDBERRY', 6, 'F');
INSERT INTO `runners` VALUES (313, 13, 'SOPHIA', 'LICATO', 6, 'F');
INSERT INTO `runners` VALUES (314, 13, 'VYNNESSA', 'GAMBOA', 6, 'F');
INSERT INTO `runners` VALUES (315, 13, 'ZOE', 'BROWN', 6, 'F');
INSERT INTO `runners` VALUES (316, 13, 'ALEX', 'UEMURA', 7, 'F');
INSERT INTO `runners` VALUES (317, 13, 'AMANDA', 'DALY', 7, 'F');
INSERT INTO `runners` VALUES (318, 13, 'CAMERON', 'KALAWAY', 7, 'F');
INSERT INTO `runners` VALUES (319, 13, 'CHRISTINA', 'UKKAN', 7, 'F');
INSERT INTO `runners` VALUES (320, 13, 'COLETTE', 'LAMPA', 7, 'F');
INSERT INTO `runners` VALUES (321, 13, 'EMMA', 'LETZIG', 7, 'F');
INSERT INTO `runners` VALUES (322, 13, 'EUNICE', 'PARK', 7, 'F');
INSERT INTO `runners` VALUES (323, 13, 'GRETA', 'BERKHOF', 7, 'F');
INSERT INTO `runners` VALUES (324, 13, 'HAILEY', 'ERICKSON', 7, 'F');
INSERT INTO `runners` VALUES (325, 13, 'IZZY', 'KLICKER', 7, 'F');
INSERT INTO `runners` VALUES (326, 13, 'KATE', 'WOODLAND', 7, 'F');
INSERT INTO `runners` VALUES (327, 13, 'KATIE', 'KLICKER', 7, 'F');
INSERT INTO `runners` VALUES (328, 13, 'MARINA', 'LESNIAK', 7, 'F');
INSERT INTO `runners` VALUES (329, 13, 'MELISSA', 'BIVOLAROV', 7, 'F');
INSERT INTO `runners` VALUES (330, 13, 'SAMANTHA', 'MCQUEEN', 7, 'F');
INSERT INTO `runners` VALUES (331, 13, 'SHREYA', 'CHACKO', 7, 'F');
INSERT INTO `runners` VALUES (332, 13, 'TAYLOR', 'DECOOK', 8, 'F');
INSERT INTO `runners` VALUES (333, 13, 'MOLLY', 'TAVARES', 8, 'F');
INSERT INTO `runners` VALUES (334, 13, 'MARGARET', 'LENNON', 8, 'F');
INSERT INTO `runners` VALUES (335, 13, 'LIBBY', 'DAVENPORT', 8, 'F');
INSERT INTO `runners` VALUES (336, 13, 'HANNA', 'HABER', 8, 'F');
INSERT INTO `runners` VALUES (337, 13, 'ALLIE', 'SOUKUP', 8, 'F');
INSERT INTO `runners` VALUES (338, 13, 'NIKOLA', 'ALEKSIC', 6, 'M');
INSERT INTO `runners` VALUES (339, 13, 'DANIEL', 'BARRETTO', 6, 'M');
INSERT INTO `runners` VALUES (340, 13, 'DAMIAN', 'BAUER', 6, 'M');
INSERT INTO `runners` VALUES (341, 13, 'JOHN', 'BEVECQUA', 6, 'M');
INSERT INTO `runners` VALUES (342, 13, 'ALEX', 'BONNETTE', 6, 'M');
INSERT INTO `runners` VALUES (343, 13, 'JACOB', 'CATELAIN', 6, 'M');
INSERT INTO `runners` VALUES (344, 13, 'NICHOLAS', 'CHAVEZ', 6, 'M');
INSERT INTO `runners` VALUES (345, 13, 'CONNOR', 'CRUZ', 6, 'M');
INSERT INTO `runners` VALUES (346, 13, 'JOHN', 'DANIELSON', 6, 'M');
INSERT INTO `runners` VALUES (347, 13, 'ANDREW', 'DAWSON', 6, 'M');
INSERT INTO `runners` VALUES (348, 13, 'WILL', 'DOLNEY', 6, 'M');
INSERT INTO `runners` VALUES (349, 13, 'SAMUEL', 'FOWLER', 6, 'M');
INSERT INTO `runners` VALUES (350, 13, 'MATT', 'FREEMAN', 6, 'M');
INSERT INTO `runners` VALUES (351, 13, 'NICHOLAS', 'GAINULIN', 6, 'M');
INSERT INTO `runners` VALUES (352, 13, 'JAKE', 'GEISLER', 6, 'M');
INSERT INTO `runners` VALUES (353, 13, 'ANTHONY', 'GHANAYERN', 6, 'M');
INSERT INTO `runners` VALUES (354, 13, 'JEROME', 'GRAESSLE', 6, 'M');
INSERT INTO `runners` VALUES (355, 13, 'ANDREW', 'GRAVE', 6, 'M');
INSERT INTO `runners` VALUES (356, 13, 'ADAM', 'GREAZEL', 6, 'M');
INSERT INTO `runners` VALUES (357, 13, 'ETHAN', 'GROH', 6, 'M');
INSERT INTO `runners` VALUES (358, 13, 'NOAH', 'HEIBER', 6, 'M');
INSERT INTO `runners` VALUES (359, 13, 'KEITH', 'KOEHLER', 6, 'M');
INSERT INTO `runners` VALUES (360, 13, 'NICO', 'LAURIE', 6, 'M');
INSERT INTO `runners` VALUES (361, 13, 'CAMERON', 'LIPTON', 6, 'M');
INSERT INTO `runners` VALUES (362, 13, 'CAYDEN', 'MANN', 6, 'M');
INSERT INTO `runners` VALUES (363, 13, 'BRANDON', 'NERI', 6, 'M');
INSERT INTO `runners` VALUES (364, 13, 'DEMETRI', 'PANAGAKOS', 6, 'M');
INSERT INTO `runners` VALUES (365, 13, 'MATT', 'PAWLIK', 6, 'M');
INSERT INTO `runners` VALUES (366, 13, 'JOHN', 'PETERSON', 6, 'M');
INSERT INTO `runners` VALUES (367, 13, 'DAN', 'PHILLIPS', 6, 'M');
INSERT INTO `runners` VALUES (368, 13, 'LUCAS', 'PHILLIPS', 6, 'M');
INSERT INTO `runners` VALUES (369, 13, 'CHRISTIAN', 'PONTARELLI', 6, 'M');
INSERT INTO `runners` VALUES (370, 13, 'ELIJAH', 'PONTICELLI', 6, 'M');
INSERT INTO `runners` VALUES (371, 13, 'JONATHAN', 'RAITANO', 6, 'M');
INSERT INTO `runners` VALUES (372, 13, 'BEN', 'RIEDEL', 6, 'M');
INSERT INTO `runners` VALUES (373, 13, 'COLIN', 'RYAN', 6, 'M');
INSERT INTO `runners` VALUES (374, 13, 'HAYDEN', 'SANDER', 6, 'M');
INSERT INTO `runners` VALUES (375, 13, 'OWEN', 'SMITH', 6, 'M');
INSERT INTO `runners` VALUES (376, 13, 'CHARLIE', 'SOUKUP', 6, 'M');
INSERT INTO `runners` VALUES (377, 13, 'GRAHAM', 'SPORCICH', 6, 'M');
INSERT INTO `runners` VALUES (378, 13, 'DANIEL', 'ST. JOHN', 6, 'M');
INSERT INTO `runners` VALUES (379, 13, 'SAM', 'TIEDGE', 6, 'M');
INSERT INTO `runners` VALUES (380, 13, 'NICKY', 'TRUDEAU', 6, 'M');
INSERT INTO `runners` VALUES (381, 13, 'AARON', 'VALYANETH', 6, 'M');
INSERT INTO `runners` VALUES (382, 13, 'LEO', 'WALSH', 6, 'M');
INSERT INTO `runners` VALUES (383, 13, 'AIDEN', 'WALTER', 6, 'M');
INSERT INTO `runners` VALUES (384, 13, 'NATE', 'WALTER', 6, 'M');
INSERT INTO `runners` VALUES (385, 13, 'ADAM', 'BOESEN', 7, 'M');
INSERT INTO `runners` VALUES (386, 13, 'ADAM', 'KOURY', 7, 'M');
INSERT INTO `runners` VALUES (387, 13, 'AIDAN', 'KAST', 7, 'M');
INSERT INTO `runners` VALUES (388, 13, 'AIDAN', 'ORLANDO', 7, 'M');
INSERT INTO `runners` VALUES (389, 13, 'ALEX', 'BERG', 7, 'M');
INSERT INTO `runners` VALUES (390, 13, 'ANDREW', 'KATSOGIANIS', 7, 'M');
INSERT INTO `runners` VALUES (391, 13, 'COLE', 'SMALL', 7, 'M');
INSERT INTO `runners` VALUES (392, 13, 'DANIEL', 'BARBARIC', 7, 'M');
INSERT INTO `runners` VALUES (393, 13, 'DYLAN', 'CHUNG', 7, 'M');
INSERT INTO `runners` VALUES (394, 13, 'JACK', 'CACCIABONDO', 7, 'M');
INSERT INTO `runners` VALUES (395, 13, 'JACK', 'MURPHY', 7, 'M');
INSERT INTO `runners` VALUES (396, 13, 'JEREMY', 'LEIGH', 7, 'M');
INSERT INTO `runners` VALUES (397, 13, 'JOHN', 'GRABOWY', 7, 'M');
INSERT INTO `runners` VALUES (398, 13, 'LUKE', 'KARABIN', 7, 'M');
INSERT INTO `runners` VALUES (399, 13, 'MATT', 'DAWSON', 7, 'M');
INSERT INTO `runners` VALUES (400, 13, 'MATT', 'MELACHRINAKIS', 7, 'M');
INSERT INTO `runners` VALUES (401, 13, 'NATE', 'SCHWITZENBERG', 7, 'M');
INSERT INTO `runners` VALUES (402, 13, 'NICHOLAS', 'PARRA', 7, 'M');
INSERT INTO `runners` VALUES (403, 13, 'SAM', 'PANAGOPOULOS', 7, 'M');
INSERT INTO `runners` VALUES (404, 13, 'STEPHEN', 'SCHIELE', 7, 'M');
INSERT INTO `runners` VALUES (405, 13, 'TYLER', 'ERICKSON', 7, 'M');
INSERT INTO `runners` VALUES (406, 13, 'TYLER', 'WENGRONOWITZ', 7, 'M');
INSERT INTO `runners` VALUES (407, 13, 'ALAN', 'CACCIABONDO', 8, 'M');
INSERT INTO `runners` VALUES (408, 13, 'ALEX', 'MARCHETTI', 8, 'M');
INSERT INTO `runners` VALUES (409, 13, 'CARTER', 'POWERS', 8, 'M');
INSERT INTO `runners` VALUES (410, 13, 'CARTER', 'WACHTEL', 8, 'M');
INSERT INTO `runners` VALUES (411, 13, 'CHARLES', 'COON', 8, 'M');
INSERT INTO `runners` VALUES (412, 13, 'COLE', 'MARTIN', 8, 'M');
INSERT INTO `runners` VALUES (413, 13, 'JACK', 'AHNELL', 8, 'M');
INSERT INTO `runners` VALUES (414, 13, 'JACK', 'INGEMUNSON', 8, 'M');
INSERT INTO `runners` VALUES (415, 13, 'LUCAS', 'GREAZEL', 8, 'M');
INSERT INTO `runners` VALUES (416, 13, 'LUKAS', 'PAISLEY', 8, 'M');
INSERT INTO `runners` VALUES (417, 13, 'MAKSIM', 'FLEYSHOV', 8, 'M');
INSERT INTO `runners` VALUES (418, 13, 'MATTHEW', 'LAMPA', 8, 'M');
INSERT INTO `runners` VALUES (419, 13, 'MATTHEW', 'RAITANO', 8, 'M');
INSERT INTO `runners` VALUES (420, 13, 'MICHAEL', 'CAMPBELL', 8, 'M');
INSERT INTO `runners` VALUES (421, 13, 'MORGAN', 'KNIGHT', 8, 'M');
INSERT INTO `runners` VALUES (422, 13, 'NATHAN', 'KULAK', 8, 'M');
INSERT INTO `runners` VALUES (423, 13, 'NICK', 'GALVAN', 8, 'M');
INSERT INTO `runners` VALUES (424, 13, 'OWEN', 'WALTER', 8, 'M');
INSERT INTO `runners` VALUES (425, 13, 'RAYKO', 'WOJCIECHOWSKI', 8, 'M');
INSERT INTO `runners` VALUES (426, 13, 'RYAN', 'SCHOESSLING', 8, 'M');
INSERT INTO `runners` VALUES (427, 13, 'SEAN', 'BEIHOFFER', 8, 'M');
INSERT INTO `runners` VALUES (428, 19, 'COLUM', 'MC NALLY', 8, 'M');
INSERT INTO `runners` VALUES (429, 19, 'LUCY', 'MC NALLY', 5, 'F');
INSERT INTO `runners` VALUES (430, 19, 'ASHLEY', 'GABA', 5, 'F');
INSERT INTO `runners` VALUES (431, 19, 'HENRY', 'DANIELS', 5, 'M');
INSERT INTO `runners` VALUES (432, 19, 'SYDNEY', 'LEE', 4, 'F');
INSERT INTO `runners` VALUES (433, 19, 'ELIZABETH', 'COLLIER', 5, 'F');
INSERT INTO `runners` VALUES (434, 3, 'COLIN', 'AWE', 6, 'M');
INSERT INTO `runners` VALUES (435, 3, 'GAVIN', 'BAUTISTA', 6, 'M');
INSERT INTO `runners` VALUES (436, 3, 'SETH', 'BLEDSOE', 6, 'M');
INSERT INTO `runners` VALUES (437, 3, 'JOEY', 'BRETON', 6, 'M');
INSERT INTO `runners` VALUES (438, 3, 'JACOB', 'BRUNETTI', 6, 'M');
INSERT INTO `runners` VALUES (439, 3, 'CHARLIE', 'CONNOLLY', 6, 'M');
INSERT INTO `runners` VALUES (440, 3, 'ROMAN', 'DEMSTROM', 6, 'M');
INSERT INTO `runners` VALUES (441, 3, 'JERRY', 'DRUCKER', 6, 'M');
INSERT INTO `runners` VALUES (442, 3, 'MATTHEW', 'GRYNIEWSKI', 6, 'M');
INSERT INTO `runners` VALUES (443, 3, 'JOE', 'GRZELAK', 6, 'M');
INSERT INTO `runners` VALUES (444, 3, 'NOLAN', 'HAHN', 6, 'M');
INSERT INTO `runners` VALUES (445, 3, 'REID', 'ISBELL', 6, 'M');
INSERT INTO `runners` VALUES (446, 3, 'DOUG', 'KIM', 6, 'M');
INSERT INTO `runners` VALUES (447, 3, 'ALEX', 'KNIPPLE', 6, 'M');
INSERT INTO `runners` VALUES (448, 3, 'YOUNGJAE', 'LEE', 6, 'M');
INSERT INTO `runners` VALUES (449, 3, 'AIDAN', 'LETZEL', 6, 'M');
INSERT INTO `runners` VALUES (450, 3, 'DANNY', 'MARTINEZ', 6, 'M');
INSERT INTO `runners` VALUES (451, 3, 'MICHAEL', 'MATUSZAK', 6, 'M');
INSERT INTO `runners` VALUES (452, 3, 'RYAN', 'MCCLUSKEY', 6, 'M');
INSERT INTO `runners` VALUES (453, 3, 'PETER', 'NICOLL', 6, 'M');
INSERT INTO `runners` VALUES (454, 3, 'JON', 'NUMANI', 6, 'M');
INSERT INTO `runners` VALUES (455, 3, 'JASON', 'PREMPAS', 6, 'M');
INSERT INTO `runners` VALUES (456, 3, 'LOGAN', 'PROVOST', 6, 'M');
INSERT INTO `runners` VALUES (457, 3, 'NOAH', 'WALSH', 6, 'M');
INSERT INTO `runners` VALUES (458, 3, 'DOMINIK', 'BALENDA', 7, 'M');
INSERT INTO `runners` VALUES (459, 3, 'WILL', 'BAYSINGER', 7, 'M');
INSERT INTO `runners` VALUES (460, 3, 'EDDIE', 'DIBENEDETTO', 7, 'M');
INSERT INTO `runners` VALUES (461, 3, 'DOMENIC', 'GRANA', 7, 'M');
INSERT INTO `runners` VALUES (462, 3, 'SEAN', 'KONIECZKA', 7, 'M');
INSERT INTO `runners` VALUES (463, 3, 'NICK', 'LOBACZ', 7, 'M');
INSERT INTO `runners` VALUES (464, 3, 'ZACH', 'MORETH', 7, 'M');
INSERT INTO `runners` VALUES (465, 3, 'JAKE', 'PARISI', 7, 'M');
INSERT INTO `runners` VALUES (466, 3, 'ROSS', 'POLLINA', 7, 'M');
INSERT INTO `runners` VALUES (467, 3, 'JACOB', 'POPOWSKI', 7, 'M');
INSERT INTO `runners` VALUES (468, 3, 'ROMAN', 'RALON', 7, 'M');
INSERT INTO `runners` VALUES (469, 3, 'PJ', 'OGRADY', 6, 'M');
INSERT INTO `runners` VALUES (470, 3, 'JOHN', 'ALDWORTH', 8, 'M');
INSERT INTO `runners` VALUES (471, 3, 'JOBIN', 'CHIRAMEL', 8, 'M');
INSERT INTO `runners` VALUES (472, 3, 'JON', 'DRAFFKORN', 8, 'M');
INSERT INTO `runners` VALUES (473, 3, 'KAMIL', 'DROZD', 8, 'M');
INSERT INTO `runners` VALUES (474, 3, 'NICK', 'GAVIN', 8, 'M');
INSERT INTO `runners` VALUES (475, 3, 'AL', 'KAZUK', 8, 'M');
INSERT INTO `runners` VALUES (476, 3, 'SEAN', 'KURA', 8, 'M');
INSERT INTO `runners` VALUES (477, 3, 'ANDY', 'MCNALLY', 8, 'M');
INSERT INTO `runners` VALUES (478, 3, 'AIDAN', 'MURAY', 8, 'M');
INSERT INTO `runners` VALUES (479, 3, 'GAVIN', 'PELSOR', 8, 'M');
INSERT INTO `runners` VALUES (480, 3, 'CAL', 'RECKAMP', 8, 'M');
INSERT INTO `runners` VALUES (481, 3, 'ALEX', 'RIDER-LEINER', 8, 'M');
INSERT INTO `runners` VALUES (482, 3, 'WILLIAM', 'SALZMANN', 8, 'M');
INSERT INTO `runners` VALUES (483, 3, 'SEBASTIAN', 'SCHOYER', 8, 'M');
INSERT INTO `runners` VALUES (484, 3, 'BRETT', 'THOMPSON', 8, 'M');
INSERT INTO `runners` VALUES (485, 15, 'NOAH', 'BEALS', 3, 'M');
INSERT INTO `runners` VALUES (486, 15, 'XANDER', 'LYMON', 3, 'M');
INSERT INTO `runners` VALUES (487, 15, 'ZACH', 'MORGAN', 3, 'M');
INSERT INTO `runners` VALUES (488, 15, 'RAFAEL', 'SUAREZ-ABRAHAM', 3, 'M');
INSERT INTO `runners` VALUES (489, 15, 'GABE', 'SUAREZ-ABRAHAM', 3, 'M');
INSERT INTO `runners` VALUES (490, 15, 'ANDREW', 'COSTELLO', 4, 'M');
INSERT INTO `runners` VALUES (491, 15, 'REMKE', 'DOUMA-WAHLEN', 4, 'M');
INSERT INTO `runners` VALUES (492, 15, 'RYAN', 'KOEHNE', 4, 'M');
INSERT INTO `runners` VALUES (493, 15, 'MATEO', 'MORENO', 4, 'M');
INSERT INTO `runners` VALUES (494, 15, 'DANIEL', 'ROBINSON', 4, 'M');
INSERT INTO `runners` VALUES (495, 15, 'PETER', 'ARMSTRONG', 6, 'M');
INSERT INTO `runners` VALUES (496, 15, 'HARRY', 'NIERMANN', 6, 'M');
INSERT INTO `runners` VALUES (497, 15, 'MATTIAS', 'STREUFERT-WOLD', 6, 'M');
INSERT INTO `runners` VALUES (498, 15, 'OWEN', 'AUGUSTINE', 7, 'M');
INSERT INTO `runners` VALUES (499, 15, 'GABE', 'BECERRA', 7, 'M');
INSERT INTO `runners` VALUES (500, 15, 'JOSEPH', 'MILLER', 7, 'M');
INSERT INTO `runners` VALUES (501, 15, 'KYLE', 'STEINER', 7, 'M');
INSERT INTO `runners` VALUES (502, 15, 'GAVIN', 'WEAVER', 7, 'M');
INSERT INTO `runners` VALUES (503, 15, 'STEPHEN', 'RODER', 8, 'M');
INSERT INTO `runners` VALUES (504, 15, 'VERA', 'CHIZZO', 3, 'F');
INSERT INTO `runners` VALUES (505, 15, 'AVA', 'FYE', 3, 'F');
INSERT INTO `runners` VALUES (506, 15, 'HAILEY', 'POLLOM', 4, 'F');
INSERT INTO `runners` VALUES (507, 15, 'MAGGIE', 'HAYLEY', 3, 'F');
INSERT INTO `runners` VALUES (508, 15, 'GRETA', 'LYLE', 3, 'F');
INSERT INTO `runners` VALUES (509, 15, 'MARY', 'SUAREZ-ABRAHAM', 3, 'F');
INSERT INTO `runners` VALUES (510, 15, 'DEMARIS', 'BENZAR', 4, 'F');
INSERT INTO `runners` VALUES (511, 15, 'VIOLA', 'FILLION', 4, 'F');
INSERT INTO `runners` VALUES (512, 15, 'ELISSA', 'SCHOLTENS', 4, 'F');
INSERT INTO `runners` VALUES (513, 15, 'TORI', 'ROBINSON', 5, 'F');
INSERT INTO `runners` VALUES (514, 15, 'ANNE', 'CLAUD', 5, 'F');
INSERT INTO `runners` VALUES (515, 15, 'NORA', 'VER STEEG', 5, 'F');
INSERT INTO `runners` VALUES (516, 15, 'AUDREY', 'CHIZZO', 6, 'F');
INSERT INTO `runners` VALUES (517, 15, 'ALYSE', 'RYIEWICZ', 6, 'F');
INSERT INTO `runners` VALUES (518, 15, 'ANNA', 'SCHOLTENS', 6, 'F');
INSERT INTO `runners` VALUES (519, 15, 'AALIYAH', 'THURMAN', 6, 'F');
INSERT INTO `runners` VALUES (520, 15, 'MADELYN', 'VIRZI', 7, 'F');
INSERT INTO `runners` VALUES (521, 15, 'FINCHER', 'DOUMA-WAHLEN', 8, 'F');
INSERT INTO `runners` VALUES (522, 15, 'AVA', 'MASSMANN', 8, 'F');
INSERT INTO `runners` VALUES (523, 3, 'MADDIE', 'ALDWORTH', 6, 'F');
INSERT INTO `runners` VALUES (524, 3, 'GABI', 'BODUCH', 6, 'F');
INSERT INTO `runners` VALUES (525, 3, 'FIONA', 'CHOJDECKI', 6, 'F');
INSERT INTO `runners` VALUES (526, 3, 'ABBY', 'DAVIS', 6, 'F');
INSERT INTO `runners` VALUES (527, 3, 'LILY', 'GINSBURG', 6, 'F');
INSERT INTO `runners` VALUES (528, 3, 'KELLY', 'JORDAN', 6, 'F');
INSERT INTO `runners` VALUES (529, 3, 'CAROLYN', 'KAZUK', 6, 'F');
INSERT INTO `runners` VALUES (530, 3, 'MEGHAN', 'MEYER', 6, 'F');
INSERT INTO `runners` VALUES (531, 3, 'GABI', 'OGRADY', 6, 'F');
INSERT INTO `runners` VALUES (532, 3, 'ELLA', 'PARISI', 6, 'F');
INSERT INTO `runners` VALUES (533, 3, 'ANNA', 'PARISI', 6, 'F');
INSERT INTO `runners` VALUES (534, 3, 'PAIGE', 'PEARSON', 6, 'F');
INSERT INTO `runners` VALUES (535, 3, 'HANNAH', 'POKORNY', 6, 'F');
INSERT INTO `runners` VALUES (536, 3, 'MOLLY', 'RISCH', 6, 'F');
INSERT INTO `runners` VALUES (537, 3, 'HANNAH', 'SALZMANN', 6, 'F');
INSERT INTO `runners` VALUES (538, 3, 'KAITLIN', 'SKELTON', 6, 'F');
INSERT INTO `runners` VALUES (539, 3, 'LAUREN', 'SOMMERS', 6, 'F');
INSERT INTO `runners` VALUES (540, 3, 'ISABELLA', 'THOMA', 6, 'F');
INSERT INTO `runners` VALUES (541, 3, 'JULIA', 'VALENTINI', 6, 'F');
INSERT INTO `runners` VALUES (542, 3, 'AMELIA', 'WHITEMAN', 6, 'F');
INSERT INTO `runners` VALUES (543, 3, 'SOPHIA', 'ANAST', 7, 'F');
INSERT INTO `runners` VALUES (544, 3, 'GRACE', 'CASSAIDY', 7, 'F');
INSERT INTO `runners` VALUES (545, 3, 'REESE', 'CORY', 7, 'F');
INSERT INTO `runners` VALUES (546, 3, 'ALIVIA', 'FOLEY', 7, 'F');
INSERT INTO `runners` VALUES (547, 3, 'ISABELLE', 'KADLUBOWSKI', 7, 'F');
INSERT INTO `runners` VALUES (548, 3, 'GRACE', 'LAWLOR', 7, 'F');
INSERT INTO `runners` VALUES (549, 3, 'MARINA', 'MAKROPOULOS', 7, 'F');
INSERT INTO `runners` VALUES (550, 3, 'KATE', 'PARISI', 7, 'F');
INSERT INTO `runners` VALUES (551, 3, 'SUHANI', 'PATEL', 7, 'F');
INSERT INTO `runners` VALUES (552, 3, 'CASSIDY', 'PAYNE', 7, 'F');
INSERT INTO `runners` VALUES (553, 3, 'NATALIE', 'PEARSON', 7, 'F');
INSERT INTO `runners` VALUES (554, 3, 'REBECCA', 'PENTIKAINEN', 7, 'F');
INSERT INTO `runners` VALUES (555, 3, 'EVELYN', 'ALLEMEIER', 8, 'F');
INSERT INTO `runners` VALUES (556, 3, 'GRACE', 'DEMBOWSKI', 8, 'F');
INSERT INTO `runners` VALUES (557, 3, 'AUDREY', 'GINSBERG', 8, 'F');
INSERT INTO `runners` VALUES (558, 3, 'ANNA', 'GREDA', 8, 'F');
INSERT INTO `runners` VALUES (559, 3, 'JACKIE', 'KEANE', 8, 'F');
INSERT INTO `runners` VALUES (560, 3, 'ANIKA', 'KNIPPLE', 8, 'F');
INSERT INTO `runners` VALUES (561, 3, 'ERIN', 'MCCLUSKEY', 8, 'F');
INSERT INTO `runners` VALUES (562, 3, 'VERONICA', 'TOPORKIEWICZ', 8, 'F');
INSERT INTO `runners` VALUES (563, 37, 'SARAH', 'FIRESTONE', 7, 'F');
INSERT INTO `runners` VALUES (564, 37, 'MICHAELA', 'JACKMAN', 6, 'F');
INSERT INTO `runners` VALUES (565, 37, 'RENATA', 'SANTINELLO', 6, 'F');
INSERT INTO `runners` VALUES (566, 37, 'MARYGRACE', 'HEGBERG', 8, 'F');
INSERT INTO `runners` VALUES (567, 37, 'LINDEN', 'GIERSTORF', 8, 'F');
INSERT INTO `runners` VALUES (568, 37, 'KATIE', 'FITZPATRICK', 7, 'F');
INSERT INTO `runners` VALUES (569, 37, 'MOLLY', 'CRAIG', 7, 'F');
INSERT INTO `runners` VALUES (570, 37, 'ANDREW', 'FIRESTONE', 8, 'M');
INSERT INTO `runners` VALUES (571, 37, 'ANDREW', 'SHEVLIN', 8, 'M');
INSERT INTO `runners` VALUES (572, 37, 'ANDREW', 'MCKENNA', 7, 'M');
INSERT INTO `runners` VALUES (573, 37, 'DANNY', 'QUICK', 7, 'M');
INSERT INTO `runners` VALUES (574, 37, 'PHIL', 'MARTIRE', 7, 'M');
INSERT INTO `runners` VALUES (575, 37, 'MICHAEL', 'CARLUCCI', 8, 'M');
INSERT INTO `runners` VALUES (576, 37, 'GAGE', 'LOCKLEY', 8, 'M');
INSERT INTO `runners` VALUES (577, 37, 'JIM', 'HALL', 7, 'M');
INSERT INTO `runners` VALUES (578, 37, 'LUKE', 'BIEDA', 8, 'M');
INSERT INTO `runners` VALUES (579, 41, 'ANNA', 'JABLONSKI', 8, 'F');
INSERT INTO `runners` VALUES (580, 1, 'MICHAEL', 'ENZ', 8, 'M');
INSERT INTO `runners` VALUES (581, 1, 'JOSH', 'MAYO', 8, 'M');
INSERT INTO `runners` VALUES (582, 1, 'JONATHAN', 'RYG', 7, 'M');
INSERT INTO `runners` VALUES (583, 1, 'JARED', 'RYG', 6, 'M');
INSERT INTO `runners` VALUES (584, 1, 'YASHUA', 'BARAJAS', 7, 'M');
INSERT INTO `runners` VALUES (585, 1, 'ZACHARY', 'FRAYDER', 6, 'M');
INSERT INTO `runners` VALUES (586, 1, 'JACOB', 'KOCLANIS', 6, 'M');
INSERT INTO `runners` VALUES (587, 1, 'BRANDON', 'KOCLANIS', 6, 'M');
INSERT INTO `runners` VALUES (588, 1, 'GRANT', 'LEBRON', 6, 'M');
INSERT INTO `runners` VALUES (589, 1, 'CHRISTIAN', 'VANMEVEREN', 4, 'M');
INSERT INTO `runners` VALUES (590, 1, 'JACK', 'HILGEMAN', 4, 'M');
INSERT INTO `runners` VALUES (591, 1, 'NOLAN', 'SMITH', 5, 'M');
INSERT INTO `runners` VALUES (592, 1, 'JACOB', 'LEIDY', 5, 'M');
INSERT INTO `runners` VALUES (593, 1, 'NOAH', 'MEYERS', 4, 'M');
INSERT INTO `runners` VALUES (594, 1, 'EVAN', 'DETZNER', 4, 'M');
INSERT INTO `runners` VALUES (595, 1, 'CARSON', 'THOMAS', 4, 'M');
INSERT INTO `runners` VALUES (596, 1, 'DEVAN', 'SNELL', 4, 'M');
INSERT INTO `runners` VALUES (597, 1, 'ANNA', 'HARDEN', 7, 'F');
INSERT INTO `runners` VALUES (598, 1, 'MACKENZIE', 'GINDER', 7, 'F');
INSERT INTO `runners` VALUES (599, 1, 'ELLISE', 'CONDON', 8, 'F');
INSERT INTO `runners` VALUES (600, 1, 'OLIVIA', 'HARMON', 8, 'F');
INSERT INTO `runners` VALUES (601, 1, 'EMMA', 'VANMEVEREN', 7, 'F');
INSERT INTO `runners` VALUES (602, 1, 'BRIDGET', 'DERENGOWSKI', 6, 'F');
INSERT INTO `runners` VALUES (603, 1, 'ABIGAIL', 'VARVARA', 8, 'F');
INSERT INTO `runners` VALUES (604, 1, 'MEGAN', 'LEIDY', 6, 'F');
INSERT INTO `runners` VALUES (605, 1, 'EVA', 'WICKBOLDT', 6, 'F');
INSERT INTO `runners` VALUES (606, 1, 'ABIGAIL', 'HOMOLY', 5, 'F');
INSERT INTO `runners` VALUES (607, 1, 'ELLA', 'HALTER', 4, 'F');
INSERT INTO `runners` VALUES (608, 1, 'ABBY', 'SLADEK', 5, 'F');
INSERT INTO `runners` VALUES (609, 10, 'DOMINIC', 'FELMAN', 4, 'M');
INSERT INTO `runners` VALUES (611, 13, 'MIA', 'DONOFRIO', 7, 'F');
INSERT INTO `runners` VALUES (612, 4, 'JAXON', 'VANDERGIESSEN', 3, 'M');
INSERT INTO `runners` VALUES (613, 4, 'ALIYA', 'BEDELL', 4, 'F');
INSERT INTO `runners` VALUES (614, 4, 'RORY', 'GAAN', 5, 'M');
INSERT INTO `runners` VALUES (615, 4, 'JACK', 'HISS', 5, 'M');
INSERT INTO `runners` VALUES (616, 4, 'JACOB', 'KIM', 5, 'M');
INSERT INTO `runners` VALUES (617, 4, 'JACK', 'REICHART', 5, 'M');
INSERT INTO `runners` VALUES (618, 4, 'ETHAN', 'STABACK', 5, 'M');
INSERT INTO `runners` VALUES (619, 4, 'KYLE', 'TAYLOR', 5, 'M');
INSERT INTO `runners` VALUES (620, 4, 'HAMILTON', 'THELEN', 5, 'M');
INSERT INTO `runners` VALUES (621, 4, 'COLIN', 'VANDERGIESSEN', 5, 'M');
INSERT INTO `runners` VALUES (622, 4, 'FRANCESCA', 'HENDERSON', 6, 'F');
INSERT INTO `runners` VALUES (623, 4, 'RACHEL', 'LIND', 6, 'F');
INSERT INTO `runners` VALUES (624, 4, 'NATE', 'VANDERGIESSEN', 6, 'M');
INSERT INTO `runners` VALUES (625, 4, 'RUSSELL', 'CAMPBELL', 7, 'M');
INSERT INTO `runners` VALUES (626, 4, 'QUINN', 'GOELLETZ', 7, 'M');
INSERT INTO `runners` VALUES (627, 4, 'MEGAN', 'KIM', 7, 'F');
INSERT INTO `runners` VALUES (628, 4, 'ROMAN', 'PELEKH', 7, 'M');
INSERT INTO `runners` VALUES (629, 4, 'KYRA', 'VEREMIS', 7, 'F');
INSERT INTO `runners` VALUES (630, 4, 'STEVEN', 'VEREMIS', 7, 'M');
INSERT INTO `runners` VALUES (631, 4, 'GRACIE', 'GENTELMAN', 8, 'F');
INSERT INTO `runners` VALUES (632, 4, 'ERICA', 'LAVALLE', 8, 'F');
INSERT INTO `runners` VALUES (633, 4, 'MORGAN', 'LIND', 8, 'F');
INSERT INTO `runners` VALUES (634, 4, 'JONATHAN', 'LINK', 8, 'M');
INSERT INTO `runners` VALUES (635, 4, 'JOSHUA', 'RAIMONDI', 8, 'M');
INSERT INTO `runners` VALUES (636, 4, 'ANNA', 'SCHMITT', 8, 'F');
INSERT INTO `runners` VALUES (637, 4, 'ROBERT', 'SCHMITT', 8, 'M');
INSERT INTO `runners` VALUES (638, 9, 'THOMAS', 'ROTATORI', 8, 'M');
INSERT INTO `runners` VALUES (639, 9, 'RYAN', 'LEONARD', 8, 'M');
INSERT INTO `runners` VALUES (640, 9, 'MATT', 'BUTTERLY', 8, 'M');
INSERT INTO `runners` VALUES (641, 9, 'JACK', 'DWYER', 8, 'M');
INSERT INTO `runners` VALUES (642, 9, 'PEARSE', 'GORMAN', 8, 'M');
INSERT INTO `runners` VALUES (643, 9, 'MICHAEL', 'GLADDEN', 8, 'M');
INSERT INTO `runners` VALUES (644, 9, 'OWEN', 'DETMER', 8, 'M');
INSERT INTO `runners` VALUES (645, 9, 'LUCA', 'LISSUZZO', 8, 'M');
INSERT INTO `runners` VALUES (646, 9, 'ISAIAH', 'KENT', 8, 'M');
INSERT INTO `runners` VALUES (647, 9, 'HENRY', 'ROLOFF', 7, 'M');
INSERT INTO `runners` VALUES (648, 9, 'JOSH', 'KILWORTH', 7, 'M');
INSERT INTO `runners` VALUES (649, 9, 'COLE', 'RUEHLE', 8, 'M');
INSERT INTO `runners` VALUES (650, 9, 'RYAN', 'MONTROY', 7, 'M');
INSERT INTO `runners` VALUES (651, 9, 'BEN', 'WANG', 8, 'M');
INSERT INTO `runners` VALUES (652, 9, 'ARMAN', 'KHALEDAN', 8, 'M');
INSERT INTO `runners` VALUES (653, 9, 'WILL', 'KELLY', 7, 'M');
INSERT INTO `runners` VALUES (655, 9, 'KIERAN', 'CASSIDY', 7, 'M');
INSERT INTO `runners` VALUES (656, 9, 'CLAYTON', 'BAIRD', 7, 'M');
INSERT INTO `runners` VALUES (657, 9, 'BEN', 'NIEWOEHNER', 7, 'M');
INSERT INTO `runners` VALUES (658, 9, 'MASON', 'PHILLIPS', 6, 'M');
INSERT INTO `runners` VALUES (660, 9, 'ANDREW', 'HARMON', 5, 'M');
INSERT INTO `runners` VALUES (661, 9, 'GUS', 'DWYER', 6, 'M');
INSERT INTO `runners` VALUES (662, 9, 'BEN', 'QUINN', 6, 'M');
INSERT INTO `runners` VALUES (663, 9, 'EAMONN', 'CASSIDY', 5, 'M');
INSERT INTO `runners` VALUES (664, 9, 'QUINN', 'BRIGHAM', 6, 'M');
INSERT INTO `runners` VALUES (665, 9, 'WARREN', 'VITALE', 5, 'M');
INSERT INTO `runners` VALUES (666, 9, 'PETER', 'KELLY', 5, 'M');
INSERT INTO `runners` VALUES (667, 9, 'NORAH', 'BUTTERLY', 5, 'F');
INSERT INTO `runners` VALUES (668, 9, 'CAROLINE', 'VIETZEN', 5, 'F');
INSERT INTO `runners` VALUES (669, 9, 'HANNAH', 'PHELAN', 5, 'F');
INSERT INTO `runners` VALUES (670, 9, 'ANNA', 'DOHERTY', 5, 'F');
INSERT INTO `runners` VALUES (671, 9, 'CASSIDY', 'STURGEON', 5, 'F');
INSERT INTO `runners` VALUES (672, 9, 'NATALIE', 'GOLDSTEIN', 5, 'F');
INSERT INTO `runners` VALUES (673, 9, 'GABRIELLA', 'SIMON', 5, 'F');
INSERT INTO `runners` VALUES (674, 9, 'CLAIRE', 'DETMER', 5, 'F');
INSERT INTO `runners` VALUES (675, 9, 'RACHEL', 'PRESTES', 6, 'F');
INSERT INTO `runners` VALUES (676, 9, 'JOSIE', 'HUMBERT', 8, 'F');
INSERT INTO `runners` VALUES (677, 9, 'LEORA', 'KURTZ', 7, 'F');
INSERT INTO `runners` VALUES (678, 9, 'MARIA', 'POLYAKOV', 5, 'F');
INSERT INTO `runners` VALUES (679, 9, 'MALINDA', 'MEYER', 6, 'F');
INSERT INTO `runners` VALUES (680, 9, 'ANGIE', 'STRAND', 8, 'F');
INSERT INTO `runners` VALUES (681, 9, 'ERIANA', 'BAYRON', 7, 'F');
INSERT INTO `runners` VALUES (682, 9, 'KATE', 'STURGEON', 7, 'F');
INSERT INTO `runners` VALUES (683, 9, 'MADDIE', 'KIRSCHNER', 7, 'F');
INSERT INTO `runners` VALUES (684, 9, 'RORY', 'CRONIN', 8, 'F');
INSERT INTO `runners` VALUES (685, 9, 'REGAN', 'CRONIN', 7, 'F');
INSERT INTO `runners` VALUES (686, 9, 'CATE', 'CARR', 8, 'F');
INSERT INTO `runners` VALUES (689, 23, 'SYDNEY', 'ANDREWS', 6, 'F');
INSERT INTO `runners` VALUES (690, 23, 'DAYNA', 'CARR', 5, 'F');
INSERT INTO `runners` VALUES (691, 23, 'SAM', 'CHAFFIN', 5, 'M');
INSERT INTO `runners` VALUES (692, 23, 'SEAN', 'ETTNER', 5, 'M');
INSERT INTO `runners` VALUES (693, 23, 'MADELYN', 'GIESEKE', 5, 'F');
INSERT INTO `runners` VALUES (694, 23, 'ATHAN', 'POGGAS', 6, 'M');
INSERT INTO `runners` VALUES (695, 23, 'KATIE', 'POLIZZI', 5, 'F');
INSERT INTO `runners` VALUES (696, 23, 'DEVON', 'ROGERS', 7, 'M');
INSERT INTO `runners` VALUES (697, 23, 'GABE', 'SCHMIEGELT', 8, 'M');
INSERT INTO `runners` VALUES (698, 23, 'LINCOLN', 'SCHULMAN', 5, 'M');
INSERT INTO `runners` VALUES (699, 23, 'PATRICK', 'SIGNORE', 7, 'M');
INSERT INTO `runners` VALUES (700, 23, 'RYLAN', 'SMITH', 6, 'M');
INSERT INTO `runners` VALUES (701, 23, 'RYAN', 'TUOHEY', 8, 'M');
INSERT INTO `runners` VALUES (702, 23, 'JERICHO', 'TYNIS', 7, 'M');
INSERT INTO `runners` VALUES (703, 23, 'WARREN', 'TYNIS', 5, 'M');
INSERT INTO `runners` VALUES (704, 23, 'ZOEY', 'VALLEE', 6, 'F');
INSERT INTO `runners` VALUES (705, 23, 'ELENA', 'ZIEMER', 6, 'F');
INSERT INTO `runners` VALUES (706, 23, 'AYDAN', 'SLAVIN', 7, 'M');
INSERT INTO `runners` VALUES (707, 19, 'WILLIAM', 'W', 8, 'M');
INSERT INTO `runners` VALUES (708, 21, 'SEAN', 'SAFFORD', 8, 'M');
INSERT INTO `runners` VALUES (709, 21, 'JACK', 'CONROY', 8, 'M');
INSERT INTO `runners` VALUES (710, 21, 'JACK', 'BANK', 7, 'M');
INSERT INTO `runners` VALUES (711, 21, 'PARKER', 'SENA', 7, 'M');
INSERT INTO `runners` VALUES (712, 21, 'KEVIN', 'SHEEHAN', 8, 'M');
INSERT INTO `runners` VALUES (713, 21, 'CONNOR', 'OILER', 8, 'M');
INSERT INTO `runners` VALUES (714, 21, 'JUSTIN', 'ADROWSKI', 7, 'M');
INSERT INTO `runners` VALUES (715, 21, 'WILL', 'SCHMIDT', 8, 'M');
INSERT INTO `runners` VALUES (716, 21, 'SPENCER', 'SADLER', 8, 'M');
INSERT INTO `runners` VALUES (717, 21, 'BRETT', 'KERSEMEIER', 7, 'M');
INSERT INTO `runners` VALUES (718, 21, 'CARTER', 'THOMPSON', 8, 'M');
INSERT INTO `runners` VALUES (719, 21, 'JUSTIN', 'SICILIANO', 8, 'M');
INSERT INTO `runners` VALUES (720, 21, 'TED', 'MILLER', 8, 'M');
INSERT INTO `runners` VALUES (721, 21, 'ANDRES', 'DIAZ', 8, 'M');
INSERT INTO `runners` VALUES (722, 21, 'CHARLIE', 'SCHMIDT', 8, 'M');
INSERT INTO `runners` VALUES (723, 21, 'MICHAEL', 'RENNER', 8, 'M');
INSERT INTO `runners` VALUES (724, 21, 'TYLER', 'LIEU', 7, 'M');
INSERT INTO `runners` VALUES (725, 21, 'JOSEPH', 'FORSBERG', 7, 'M');
INSERT INTO `runners` VALUES (726, 21, 'BEN', 'HANSON', 8, 'M');
INSERT INTO `runners` VALUES (727, 21, 'MICHAEL', 'KRAFTON', 7, 'M');
INSERT INTO `runners` VALUES (728, 21, 'GABRIONE', 'WILL', 7, 'M');
INSERT INTO `runners` VALUES (729, 21, 'ANTHONY', 'CORSENTINO', 7, 'M');
INSERT INTO `runners` VALUES (730, 21, 'CONNOR', 'LIM', 7, 'M');
INSERT INTO `runners` VALUES (731, 21, 'VYOM', 'GOSWAMI', 8, 'M');
INSERT INTO `runners` VALUES (732, 21, 'JOHN', 'COFFEY', 8, 'M');
INSERT INTO `runners` VALUES (733, 21, 'DANNY', 'MCCARTHY', 7, 'M');
INSERT INTO `runners` VALUES (734, 21, 'JAKE', 'HANSON', 6, 'M');
INSERT INTO `runners` VALUES (735, 21, 'AJ', 'SVIENTY', 6, 'M');
INSERT INTO `runners` VALUES (736, 21, 'MAX', 'MENNINGA', 7, 'M');
INSERT INTO `runners` VALUES (737, 21, 'CHRIS', 'CONCEPCION', 8, 'M');
INSERT INTO `runners` VALUES (738, 21, 'ZACK', 'SHEEHAN', 6, 'M');
INSERT INTO `runners` VALUES (739, 21, 'ELIAS', 'AGUIRRE', 7, 'M');
INSERT INTO `runners` VALUES (741, 21, 'OWEN', 'WELLNER', 7, 'M');
INSERT INTO `runners` VALUES (742, 21, 'SAMANTHA', 'MENELY', 8, 'F');
INSERT INTO `runners` VALUES (743, 21, 'ANNIKA', 'CALLIENDO', 6, 'F');
INSERT INTO `runners` VALUES (744, 21, 'DELANEY', 'JANUS', 6, 'F');
INSERT INTO `runners` VALUES (745, 21, 'LAUREN', 'ROCKS', 6, 'F');
INSERT INTO `runners` VALUES (746, 21, 'RENEE', 'SKIERA', 7, 'F');
INSERT INTO `runners` VALUES (747, 21, 'ASHLEY', 'LINSCOTT', 7, 'F');
INSERT INTO `runners` VALUES (748, 21, 'KATIE', 'KRAUSE', 8, 'F');
INSERT INTO `runners` VALUES (749, 21, 'RYAN', 'ENGLE', 7, 'F');
INSERT INTO `runners` VALUES (750, 21, 'AVERY', 'BORN', 6, 'F');
INSERT INTO `runners` VALUES (751, 21, 'AUDREY', 'COLE', 7, 'F');
INSERT INTO `runners` VALUES (752, 21, 'FAITH', 'SENA', 7, 'F');
INSERT INTO `runners` VALUES (753, 21, 'KATE', 'MULLER', 7, 'F');
INSERT INTO `runners` VALUES (754, 21, 'ANGELA', 'LIANG', 8, 'F');
INSERT INTO `runners` VALUES (755, 21, 'AVA', 'HARWOOD', 6, 'F');
INSERT INTO `runners` VALUES (756, 21, 'KATHARINE', 'RODRIGUEZ', 7, 'F');
INSERT INTO `runners` VALUES (757, 21, 'BEHTHANY', 'LIANG', 8, 'F');
INSERT INTO `runners` VALUES (758, 21, 'IZZIE', 'FRYE', 6, 'F');
INSERT INTO `runners` VALUES (759, 21, 'EMILY', 'PATYK', 6, 'F');
INSERT INTO `runners` VALUES (760, 21, 'SARAH', 'ELLIOTT', 7, 'F');
INSERT INTO `runners` VALUES (761, 21, 'SAMANTHA', 'ALCARO', 6, 'F');
INSERT INTO `runners` VALUES (762, 21, 'ABBY', 'CATALDO', 6, 'F');
INSERT INTO `runners` VALUES (763, 21, 'JANE', 'FORSBERG', 6, 'F');
INSERT INTO `runners` VALUES (764, 21, 'NICOLETTE', 'DEJULIO', 6, 'F');
INSERT INTO `runners` VALUES (765, 21, 'PRIYA', 'ADIGA', 6, 'F');
INSERT INTO `runners` VALUES (766, 21, 'PAIGE', 'SETTERSTEN', 8, 'F');
INSERT INTO `runners` VALUES (767, 21, 'CELLEDONNA', 'SCALA', 6, 'F');
INSERT INTO `runners` VALUES (768, 21, 'GRACE', 'BOZIKIS', 6, 'F');
INSERT INTO `runners` VALUES (769, 21, 'SOPHIE', 'SMITHSON', 7, 'F');
INSERT INTO `runners` VALUES (770, 21, 'JESSICA', 'SWAIN', 6, 'F');
INSERT INTO `runners` VALUES (771, 21, 'AUDREY', 'NEWMAN', 6, 'F');
INSERT INTO `runners` VALUES (772, 21, 'ANIKA', 'DUBON', 6, 'F');
INSERT INTO `runners` VALUES (773, 21, 'HANNAH', 'GROSSMAN', 6, 'F');
INSERT INTO `runners` VALUES (774, 21, 'MADISEN', 'ROBIDEAU', 6, 'F');
INSERT INTO `runners` VALUES (775, 21, 'BELLA', 'VALDOVINOS', 7, 'F');
INSERT INTO `runners` VALUES (776, 21, 'LUCY', 'DOWNING', 6, 'F');
INSERT INTO `runners` VALUES (777, 21, 'MAGGIE', 'GIROUX', 6, 'F');
INSERT INTO `runners` VALUES (778, 21, 'AIQUN', 'HOFFMAN', 6, 'F');
INSERT INTO `runners` VALUES (779, 21, 'NATALIE', 'LIIGSOO', 6, 'F');
INSERT INTO `runners` VALUES (780, 21, 'BETHANY', 'REED', 6, 'F');
INSERT INTO `runners` VALUES (781, 21, 'KALYANI', 'SUNIL', 6, 'F');
INSERT INTO `runners` VALUES (782, 21, 'ARIK', 'CAMPION', 6, 'M');
INSERT INTO `runners` VALUES (783, 21, 'PETER', 'GREENLIMB', 6, 'M');
INSERT INTO `runners` VALUES (784, 21, 'WILL', 'HICKEY', 6, 'M');
INSERT INTO `runners` VALUES (785, 21, 'PETER', 'KARLIS', 6, 'M');
INSERT INTO `runners` VALUES (786, 21, 'OJUN', 'KWAN', 6, 'M');
INSERT INTO `runners` VALUES (787, 21, 'JORDAN', 'LEYVA', 6, 'M');
INSERT INTO `runners` VALUES (788, 21, 'ARNAV', 'MAHISHI', 6, 'M');
INSERT INTO `runners` VALUES (789, 21, 'THOMAS', 'MCDONOUGH', 6, 'M');
INSERT INTO `runners` VALUES (790, 21, 'JAKUB', 'NIEDOJADLO', 6, 'M');
INSERT INTO `runners` VALUES (791, 21, 'ANTHONY', 'SICILIANO', 6, 'M');
INSERT INTO `runners` VALUES (792, 21, 'NATHAN', 'SKIERA', 6, 'M');
INSERT INTO `runners` VALUES (793, 21, 'ANDREW', 'WALTERS', 6, 'M');
INSERT INTO `runners` VALUES (794, 21, 'MICHAEL', 'WLODARSKI', 6, 'M');
INSERT INTO `runners` VALUES (795, 10, 'SYDNEY', 'LUDWICK', 7, 'F');
INSERT INTO `runners` VALUES (796, 10, 'EMMANUEL', 'MEJIA', 8, 'M');
INSERT INTO `runners` VALUES (797, 10, 'ANDREW', 'HAMILTON', 8, 'M');
INSERT INTO `runners` VALUES (798, 10, 'WILLIAM', 'HAMILTON', 8, 'M');
INSERT INTO `runners` VALUES (799, 10, 'NIKO', 'CEKIC', 8, 'M');
INSERT INTO `runners` VALUES (800, 10, 'LUCAS', 'CEKIC', 6, 'M');
INSERT INTO `runners` VALUES (801, 10, 'LIAM', 'NAUGHTON', 6, 'M');
INSERT INTO `runners` VALUES (802, 10, 'MATEUSZ', 'RAK', 6, 'M');
INSERT INTO `runners` VALUES (803, 10, 'FRANK', 'CASCELLA', 6, 'M');
INSERT INTO `runners` VALUES (804, 10, 'GREG', 'KUBON', 6, 'M');
INSERT INTO `runners` VALUES (805, 10, 'JOHN', 'REYES', 6, 'M');
INSERT INTO `runners` VALUES (806, 10, 'DAVID', 'SIEMIENOKO', 6, 'M');
INSERT INTO `runners` VALUES (807, 10, 'CHUKA', 'IBE', 7, 'M');
INSERT INTO `runners` VALUES (808, 21, 'TIMOTHY', 'BOLDT', 6, 'M');
INSERT INTO `runners` VALUES (809, 21, 'JOE', 'RIGGS', 8, 'M');
INSERT INTO `runners` VALUES (810, 21, 'HARRY', 'GILLESPIE', 8, 'M');
INSERT INTO `runners` VALUES (811, 6, 'ELLEN', 'COCHRANE', 8, 'F');
INSERT INTO `runners` VALUES (812, 6, 'TEGAN', 'GUNN', 8, 'F');
INSERT INTO `runners` VALUES (813, 6, 'PAIGE', 'HOVING', 8, 'F');
INSERT INTO `runners` VALUES (814, 6, 'GRACE', 'LINDEMULDER', 8, 'F');
INSERT INTO `runners` VALUES (815, 6, 'RYAN', 'DAVID', 8, 'M');
INSERT INTO `runners` VALUES (816, 6, 'JOEY', 'LA BARBERA', 8, 'M');
INSERT INTO `runners` VALUES (817, 6, 'ADIITSAI', 'NELSON', 8, 'M');
INSERT INTO `runners` VALUES (818, 6, 'CHARLIE', 'SCHAU', 8, 'M');
INSERT INTO `runners` VALUES (819, 6, 'PETER', 'THOMPSON', 8, 'M');
INSERT INTO `runners` VALUES (820, 6, 'BENITA', 'ALEX', 7, 'F');
INSERT INTO `runners` VALUES (821, 6, 'LILIA', 'HACKERT', 7, 'F');
INSERT INTO `runners` VALUES (822, 6, 'PAIGE', 'PHILLIPS', 7, 'F');
INSERT INTO `runners` VALUES (823, 6, 'MARTA', 'VEENSTRA', 7, 'F');
INSERT INTO `runners` VALUES (824, 6, 'ALEX', 'BECKER', 7, 'M');
INSERT INTO `runners` VALUES (825, 6, 'JOSH', 'ELLENS', 7, 'M');
INSERT INTO `runners` VALUES (826, 6, 'RYAN', 'HORNER', 7, 'M');
INSERT INTO `runners` VALUES (827, 6, 'TOMMY', 'KUNZ', 7, 'M');
INSERT INTO `runners` VALUES (828, 6, 'SHANE', 'ROOZEBOOM', 7, 'M');
INSERT INTO `runners` VALUES (829, 6, 'JOANNA', 'CHLOOHESSY', 6, 'F');
INSERT INTO `runners` VALUES (830, 6, 'JENNY', 'LUMKES', 6, 'F');
INSERT INTO `runners` VALUES (831, 6, 'TAYLOR', 'PARKER', 6, 'F');
INSERT INTO `runners` VALUES (832, 6, 'AMELIA', 'VANSTEE', 6, 'F');
INSERT INTO `runners` VALUES (833, 6, 'ADDY', 'VOGELZANG', 6, 'F');
INSERT INTO `runners` VALUES (834, 6, 'CHELSEA', 'WILLIAMS', 6, 'F');
INSERT INTO `runners` VALUES (835, 6, 'JAKE', 'ARMSTRONG', 6, 'M');
INSERT INTO `runners` VALUES (836, 6, 'JOSH', 'BEMISTER', 6, 'M');
INSERT INTO `runners` VALUES (837, 6, 'AIDEN', 'HOOGSTRA', 6, 'M');
INSERT INTO `runners` VALUES (838, 6, 'GIOVANNI', 'MOLINA', 6, 'M');
INSERT INTO `runners` VALUES (839, 6, 'TYCE', 'PLAISIER', 6, 'M');
INSERT INTO `runners` VALUES (840, 6, 'CHRISTIAN', 'VANDERVEEN', 6, 'M');
INSERT INTO `runners` VALUES (841, 21, 'CHASE', 'GILMORE', 6, 'M');
INSERT INTO `runners` VALUES (842, 22, 'BEN', 'SCHRAM', 7, 'M');
INSERT INTO `runners` VALUES (843, 22, 'PHILIP', 'DEBLASIO', 8, 'M');
INSERT INTO `runners` VALUES (844, 22, 'ALI', 'BULLOCK', 5, 'F');
INSERT INTO `runners` VALUES (845, 22, 'TOMMY', 'MCGUIRE', 8, 'M');
INSERT INTO `runners` VALUES (846, 22, 'TJ', 'GARLAND', 8, 'M');
INSERT INTO `runners` VALUES (847, 22, 'CHARLIE', 'BULLOCK', 8, 'M');
INSERT INTO `runners` VALUES (848, 22, 'ROCCO', 'FALLS', 7, 'M');
INSERT INTO `runners` VALUES (849, 22, 'ANGELINA', 'FALLS', 5, 'F');
INSERT INTO `runners` VALUES (850, 22, 'EMILY', 'HENNIG', 8, 'F');
INSERT INTO `runners` VALUES (851, 22, 'BILLY', 'MCKENNA', 5, 'M');
INSERT INTO `runners` VALUES (852, 22, 'CAITLYN', 'HALPIN', 6, 'F');
INSERT INTO `runners` VALUES (853, 42, 'LESLIE', 'ALFARO', 7, 'F');
INSERT INTO `runners` VALUES (854, 42, 'MAYDELIN', 'ALFARO', 8, 'F');
INSERT INTO `runners` VALUES (855, 22, 'JOSEPH', 'FARDELLA', 5, 'M');
INSERT INTO `runners` VALUES (856, 42, 'JESSICA', 'AVALOS', 8, 'F');
INSERT INTO `runners` VALUES (857, 42, 'MICHELLE', 'FLORES', 8, 'F');
INSERT INTO `runners` VALUES (858, 22, 'ZACHARY', 'SORCE', 5, 'M');
INSERT INTO `runners` VALUES (859, 22, 'COLIN', 'SORCE', 5, 'M');
INSERT INTO `runners` VALUES (860, 42, 'CASSIDY', 'KALLAS', 8, 'F');
INSERT INTO `runners` VALUES (861, 42, 'STEPHANIE', 'LAZARO', 7, 'F');
INSERT INTO `runners` VALUES (862, 42, 'MARLENA', 'MILOCHEVA', 6, 'F');
INSERT INTO `runners` VALUES (863, 42, 'TEREESA', 'PETZOLD', 7, 'F');
INSERT INTO `runners` VALUES (864, 42, 'ALLY', 'ROBERTSON', 8, 'F');
INSERT INTO `runners` VALUES (865, 42, 'APRIL', 'VILLADA', 7, 'F');
INSERT INTO `runners` VALUES (866, 42, 'JILLIAN', 'WITT', 7, 'F');
INSERT INTO `runners` VALUES (867, 42, 'DEVIN', 'ADAMS', 6, 'M');
INSERT INTO `runners` VALUES (868, 42, 'JOEY', 'BRICK', 8, 'M');
INSERT INTO `runners` VALUES (869, 42, 'DONATAS', 'BUZINSKIS', 6, 'M');
INSERT INTO `runners` VALUES (870, 42, 'BRANDON', 'CONE', 6, 'M');
INSERT INTO `runners` VALUES (871, 42, 'JUSTIN', 'DAHL', 7, 'M');
INSERT INTO `runners` VALUES (872, 42, 'TYLER', 'DAVOREN', 8, 'M');
INSERT INTO `runners` VALUES (873, 42, 'BAILEY', 'GILLESPIE', 6, 'M');
INSERT INTO `runners` VALUES (874, 42, 'BEN', 'KRUEGER', 7, 'M');
INSERT INTO `runners` VALUES (875, 42, 'ADRIAN', 'LOPEZ', 6, 'M');
INSERT INTO `runners` VALUES (876, 42, 'IVAYLO', 'MAKSIMOV', 8, 'M');
INSERT INTO `runners` VALUES (877, 42, 'EDDIE', 'PARADA', 7, 'M');
INSERT INTO `runners` VALUES (878, 42, 'J', 'RATTANAHATTAKUL', 8, 'M');
INSERT INTO `runners` VALUES (879, 42, 'JOEY', 'ROTONDO', 6, 'M');
INSERT INTO `runners` VALUES (880, 42, 'ALDO', 'TORRES', 6, 'M');
INSERT INTO `runners` VALUES (881, 42, 'MARIO', 'TORRES', 7, 'M');
INSERT INTO `runners` VALUES (882, 42, 'SAM', 'WOOD', 7, 'M');
INSERT INTO `runners` VALUES (883, 22, 'WILLIAM', 'ADKINS', 6, 'M');
INSERT INTO `runners` VALUES (884, 28, 'FINN', 'PIVNICKA', 5, 'M');
INSERT INTO `runners` VALUES (885, 28, 'GRACE', 'SKIBA', 5, 'F');
INSERT INTO `runners` VALUES (886, 28, 'DEREK', 'LEITZEN', 5, 'M');
INSERT INTO `runners` VALUES (887, 28, 'BETSY', 'GESSERT', 8, 'F');
INSERT INTO `runners` VALUES (888, 28, 'AVA', 'SIECK', 6, 'F');
INSERT INTO `runners` VALUES (889, 28, 'THOMAS', 'SIECK', 7, 'M');
INSERT INTO `runners` VALUES (890, 37, 'CHRIS', 'VANN', 8, 'M');

-- --------------------------------------------------------

-- 
-- Table structure for table `schools`
-- 

CREATE TABLE `schools` (
  `school_id` int(11) NOT NULL DEFAULT '0',
  `school_name` varchar(30) NOT NULL,
  PRIMARY KEY (`school_id`),
  UNIQUE KEY `school_name` (`school_name`)
) ENGINE=InnoDB DEFAULT CHARSET=latin1;

-- 
-- Dumping data for table `schools`
-- 

INSERT INTO `schools` VALUES (0, '-- admin account --');
INSERT INTO `schools` VALUES (11, 'BETHANY, NAPERVILLE');
INSERT INTO `schools` VALUES (39, 'CHRISTIAN LIBERTY, ALNGTN HTS');
INSERT INTO `schools` VALUES (2, 'COOPER, BUFFALO GROVE');
INSERT INTO `schools` VALUES (15, 'GRACE, RIVER FOREST');
INSERT INTO `schools` VALUES (36, 'IMMANUEL, CRYSTAL LAKE');
INSERT INTO `schools` VALUES (4, 'IMMANUEL, PALATINE');
INSERT INTO `schools` VALUES (34, 'LATIN SCHOOL OF CHICAGO');
INSERT INTO `schools` VALUES (3, 'LINCOLN, MT. PROSPECT');
INSERT INTO `schools` VALUES (42, 'LONDON, BUFFALO GROVE');
INSERT INTO `schools` VALUES (27, 'OUR LADY PERPETUAL HELP, GLNVW');
INSERT INTO `schools` VALUES (37, 'OUR LADY WAYSIDE, ARLNGTN HTS');
INSERT INTO `schools` VALUES (40, 'QUEST ACADEMY, PALATINE, IL');
INSERT INTO `schools` VALUES (10, 'RIVER TRAILS, MT. PROSPECT');
INSERT INTO `schools` VALUES (9, 'ROOSEVELT, RIVER FOREST');
INSERT INTO `schools` VALUES (26, 'SACRED HEART, CHICAGO');
INSERT INTO `schools` VALUES (13, 'SOUTH, ARLINGTON HEIGHTS');
INSERT INTO `schools` VALUES (19, 'ST. ANDREWS, PARK RIDGE');
INSERT INTO `schools` VALUES (41, 'ST. CLEMENT, CHICAGO');
INSERT INTO `schools` VALUES (8, 'ST. EMILY, MT. PROSPECT');
INSERT INTO `schools` VALUES (7, 'ST. JOHN, LOMBARD');
INSERT INTO `schools` VALUES (17, 'ST. MARGARET MARY, ALGONQUIN');
INSERT INTO `schools` VALUES (28, 'ST. MARY, WOODSTOCK');
INSERT INTO `schools` VALUES (24, 'ST. PAUL LUTH, MT. PROSPECT');
INSERT INTO `schools` VALUES (1, 'ST. PETER LUTH, ARLNGTN HTS');
INSERT INTO `schools` VALUES (20, 'ST. PETER LUTH, SCHAUMBURG');
INSERT INTO `schools` VALUES (14, 'ST. PETER, GENEVA');
INSERT INTO `schools` VALUES (22, 'ST. RAYMOND, MT. PROSPECT');
INSERT INTO `schools` VALUES (21, 'THOMAS, ARLINGTON HEIGHTS');
INSERT INTO `schools` VALUES (6, 'TIMOTHY CHRISTIAN, ELMHURST');
INSERT INTO `schools` VALUES (35, 'TRINITY LUTH, ROSELLE');
INSERT INTO `schools` VALUES (25, 'TRINITY OAKS CHRISTIAN, CARY');
INSERT INTO `schools` VALUES (38, 'WEST LAKE CHRISTIAN, GRAYS LK');
INSERT INTO `schools` VALUES (23, 'ZION, MARENGO');

-- --------------------------------------------------------

-- 
-- Table structure for table `shirts`
-- 

CREATE TABLE `shirts` (
  `school_id` int(11) NOT NULL,
  `num_youth_medium` int(11) DEFAULT NULL,
  `num_youth_large` int(11) DEFAULT NULL,
  `num_adult_small` int(11) DEFAULT NULL,
  `num_adult_medium` int(11) DEFAULT NULL,
  `num_adult_large` int(11) DEFAULT NULL,
  `num_adult_xl` int(11) DEFAULT NULL,
  `num_adult_xxl` int(11) DEFAULT NULL,
  PRIMARY KEY (`school_id`)
) ENGINE=InnoDB DEFAULT CHARSET=latin1;

-- 
-- Dumping data for table `shirts`
-- 


-- --------------------------------------------------------

-- 
-- Table structure for table `users`
-- 

CREATE TABLE `users` (
  `user_id` int(11) NOT NULL DEFAULT '0',
  `email` varchar(100) NOT NULL,
  `password` varchar(100) DEFAULT NULL,
  `role` varchar(10) NOT NULL,
  `status` varchar(10) DEFAULT NULL,
  `school_id` int(11) DEFAULT NULL,
  PRIMARY KEY (`user_id`),
  UNIQUE KEY `email` (`email`)
) ENGINE=InnoDB DEFAULT CHARSET=latin1;

-- 
-- Dumping data for table `users`
-- 

INSERT INTO `users` VALUES (0, 'admin@stpeterxc.org', '$2y$10$1dKLiIr6oYfjlcLDKKEmket1hksJwZ9YDn4HO7MJJMkLibq4UAwmq', 'admin', 'open', 0);
INSERT INTO `users` VALUES (1, 'purduetom90@gmail.com', '$2y$10$JoETMqOtL/JlCmMge5jeu.OIedYPFAN4PNSNQ1O50n61KPxDqlukG', 'user', 'open', 1);
INSERT INTO `users` VALUES (2, 'jeffrey_rodgers@hotmail.com', '$2y$10$g0Xwt3AJno.ejxey14UzdeYBQ1w11xHXWs4MSoJNCt.c1VuA/Fm26', 'user', 'open', 1);
INSERT INTO `users` VALUES (3, 'zbickel@fulllifeinchrist.org', '$2y$10$vQKFab9d10ZapgGID2AzjOpA8tNWWml2pQTRNbxtciwQaD6IEU.8m', 'admin', 'open', 0);
INSERT INTO `users` VALUES (5, 'snoeyink@timothychristian.com', '$2y$10$.ogJS/Ilb2zTeAfcSd0zce24zbroRseu.2GxtXpRO8kPqa6bcWY62', 'user', 'open', 6);
INSERT INTO `users` VALUES (7, 'dvandermeulen@latinschool.org', '$2y$10$o4TndFQqbOY474Wkm7WOdOkEcZ.XYMIkMm7POm5.jy7KIWtwJh3Fm', 'user', 'open', 34);
INSERT INTO `users` VALUES (8, 'lduzey@trinity-oaks.org', '$2y$10$qMC4uKyOMToUh7I2rUSkce7Sy3.wIvYjCjmdHt7MjPUY34crL3R5a', 'user', 'open', 25);
INSERT INTO `users` VALUES (9, 'tom.kalal@stjohnslombard.org', '$2y$10$IByy3QCKzpF9HzBnMyKrueXJCjUkOcBS7iDVPSdxG5h2IhViWnQvC', 'user', 'open', 7);
INSERT INTO `users` VALUES (10, 'starrshine7@sbcglobal.net', '$2y$10$74gs6GAdNHkFkyUkJ.pVjO/fz.gHPCaj.FiRY258CTXPw6DXVLguq', 'user', 'open', 9);
INSERT INTO `users` VALUES (11, 'r2kumba@wowway.com', '$2y$10$bmUhKCogToWDRbJ7o5SkPetmzZp0cnkCz1kxOaHr6hDpinB6p7C.m', 'user', 'open', 11);
INSERT INTO `users` VALUES (12, 'timothy.thiessen@ccsd21.org', '$2y$10$8gb46kfNjwgi/DIRjb3PwePaPTfQLOaW1izApb.ZJ0Ijb9ST.2U8e', 'user', 'open', 2);
INSERT INTO `users` VALUES (13, 'tricia.moore@d214.org', '$2y$10$VqPLSu0TSQn7CAmjBqkTAeQRzSIWSnHjBFnwt.y1BNkyADA2GWHRu', 'user', 'open', 21);
INSERT INTO `users` VALUES (14, 'eyoung@saint-paul.org', '$2y$10$Sf3i/81jplM.K9tGb8cpVe2jvFp6HbVLoPzgKRg/nLv4Ry4wl5SGe', 'user', 'open', 24);
INSERT INTO `users` VALUES (15, 'torkstaa66@sbcglobal.net', '$2y$10$dpWzcPbwXzEUfo2kMnvI/.7leHRKPgiBsq8BG3xMRLlhFA/IDcoKG', 'user', 'open', 14);
INSERT INTO `users` VALUES (16, 'aarriazola@sbcglobal.net', '$2y$10$WBr57tRjygJXXL8YArL27.rTIPL4U963s3mi3iPHGl.oLicvcEI/m', 'user', 'open', 19);
INSERT INTO `users` VALUES (17, 'blasoski@rtsd26.org', '$2y$10$XGPE9SkHT4uQivhGjMCna.w6CG1GAwLvhTKWfzMxEHQH455yYKIiq', 'user', 'open', 10);
INSERT INTO `users` VALUES (18, 'spedtchr300@gmail.com', '$2y$10$TQiQ84reRSMLIS1S47Hq0ezZtfIAbdzaSBSXvEqMWcuLzlz/rVDDe', 'user', 'open', 4);
INSERT INTO `users` VALUES (19, 'tomandpadra@comcast.net', '$2y$10$IfJwJiSVqoiYW357a4hPl.yZCZ1AwSIEHBdVENlVl5q6HAceFakg2', 'user', 'open', 22);
INSERT INTO `users` VALUES (20, 'scheiwerobert@trinityroselle.com', '$2y$10$A5501DIc7HR.sEeSXh4uTex0NQwGM9onea.k0Z8fvwc0hMC2XaWmm', 'user', 'open', 35);
INSERT INTO `users` VALUES (21, 'amyshulfer@comcast.net', '$2y$10$byUdxXdrOI4PQVhTfbdmXOMngL3BOX9q6PvlCwwgi3zrllyJOPlLC', 'user', 'open', 36);
INSERT INTO `users` VALUES (22, 'zionathletics@gmail.com', '$2y$10$IZiPPfDB/J4AHWXtPYk3/e1WXKPxuj.EKgt53qXBbcRev5weR0Kb2', 'user', 'open', 23);
INSERT INTO `users` VALUES (23, 'stephenthomas.smmsports@gmail.com', '$2y$10$podoS/JcCPQVM.SxzuE2JOpqYE3IiNVZFpgTF7L8bzY/nt7IXpAni', 'user', 'open', 17);
INSERT INTO `users` VALUES (24, 'wwstoll@att.net', '$2y$10$WqNbFi/e9LfAIN9gD6OuAed6y/Ab6sssOcRqdiECgpVO94qGJqbwC', 'user', 'open', 28);
INSERT INTO `users` VALUES (25, 'sshaffer@d57.org', '$2y$10$2UQNGuHCLs.Id71m4PI5NOdmu6v7bk6Inczys6YRpr.sbo.udGH5W', 'user', 'open', 3);
INSERT INTO `users` VALUES (26, 'kaksamitowski@olph-il.org', '$2y$10$GMGzLSqFd7VtcNJfTR6MNe32ECEE9WQoew3z4arVgM6CH8eR0DVuy', 'user', 'open', 27);
INSERT INTO `users` VALUES (27, 'terber1064@gmail.com', '$2y$10$DY19umf3Ck/TihCZrQ0UT.AQLfizKv4KSjqgkWi9XBxlmPlLlbql2', 'user', 'open', 8);
INSERT INTO `users` VALUES (28, 'athleticdirector@olwschool.org', '$2y$10$maPJmicmaFRgkUbmsk29NudeYSDuwDUITRFTGK1WQWb6Gvr5I1on6', 'user', 'open', 37);
INSERT INTO `users` VALUES (29, 'richard.alan.brooks@gmail.com', '$2y$10$ZyVFcvucIZNHXz8FECrpo.IpQADv3Bx7Rgmo6jRVtTKMIYRv5B2/e', 'user', 'open', 15);
INSERT INTO `users` VALUES (30, 'dfrintner@sd25.org', '$2y$10$YUQmzhUlDlFta2qogBzTUOlVOfEUCypNGIHuobziZtMf17P91y0FW', 'user', 'open', 13);
INSERT INTO `users` VALUES (31, 'distancestar12@gmail.com', '$2y$10$TTVH1hSzXFxt.L3vxxbmp.9yaV6cxmKzpDr810RAuBlcEU1cL0oiG', 'user', 'open', 26);
INSERT INTO `users` VALUES (32, 'mwilcox@stpeterlcms.org', '$2y$10$kZpXrzcELt0DslDH7qRfc.d0Q8svTSynndIfoxChVQlQ3kElqoKBi', 'user', 'open', 20);
INSERT INTO `users` VALUES (33, 'thomas.hoffman@infinite.com', '$2y$10$twzuQWQmQpwWUgC2I8Hms.qUC.JyvMv0j7ppJXuGK.q32dX/Warze', 'admin', 'open', 0);
INSERT INTO `users` VALUES (34, 'kperry@westlakechristian.org', '$2y$10$zYW06EmUFltE4Cc609gkX.Yz1wHruokX.6Ki5.qtlHLTQtKQ3TwIW', 'user', 'open', 38);
INSERT INTO `users` VALUES (35, 'juanita.berdis@trinityroselle.com', '$2y$10$7BdL0NpGUztMgkFShS9XYuOqqSPVNrN6vUHs1DGPhPmZIFT67x7Ae', 'user', 'open', 35);
INSERT INTO `users` VALUES (36, 'sas.manaois@comcast.net', '$2y$10$W0CGh/58.uDTFsxzYvZw.e9OFNhLBda4GJz9jrdkz34Zhb8x5FNKy', 'user', 'open', 17);
INSERT INTO `users` VALUES (37, 'bridgetfors44@gmail.com', '$2y$10$c4NE/NbPuOkn9bBHd.S3c.aUMpbzUs/22uxGu7giQKn6tUBV.d.Ra', 'user', 'open', 14);
INSERT INTO `users` VALUES (38, 'natalie.salsgiver@christianliberty.com', '$2y$10$Axmr2wI9UXCTijCbfHtxY.A8nD.0dVAH7jeWmrNbYtTj1yzmPMMw2', 'user', 'open', 39);
INSERT INTO `users` VALUES (39, 'starrl@district90.org', '$2y$10$yxv/T2Zr9z2hyrUt/1XOc.zelAQ80AKENKLqM0ZpukKoVNg7wB2AK', 'user', 'open', 9);
INSERT INTO `users` VALUES (40, 'louise.schenck@questacademy.org', '$2y$10$BOrKB6lit5WAGKckO.lwi.H0FCgM7HXWkW2Z5zqQV1y/usY1hnbo.', 'user', 'open', 40);
INSERT INTO `users` VALUES (41, 'joan.jablonski@gmail.com', '$2y$10$VnaxxSZIuowcIu6vewtwQeJINXE1eexGxvJMLruFiPwQKcXt5ahYO', 'user', 'open', 41);
INSERT INTO `users` VALUES (42, 'laurie.scafidi@ccsd21.org', '$2y$10$R7jf/lsufaxJe5lqXU7XE.o5riV5Kp9vXheCUwJm5FvVD1U2dswYu', 'user', 'open', 42);
